reading_date,district,temp_c,rainfall_mm,humidity_percent
2026-01-01,Agra,30.4,15.7,56.0
2026-01-01,Ambala,24.35,32.51,59.5
2026-01-01,Amritsar,30.28,124.43,57.83
2026-01-01,Bareilly,27.6,18.69,76.0
2026-01-01,Bathinda,24.67,31.27,81.0
2026-01-01,Ferozepur,25.83,84.49,66.0
2026-01-01,Hisar,29.3,84.1,47.0
2026-01-01,Jalandhar,28.37,36.5,64.33
2026-01-01,Karnal,35.03,51.09,59.0
2026-01-01,Kurukshetra,24.12,80.43,60.0
2026-01-01,Ludhiana,29.03,56.29,63.5
2026-01-01,Meerut,33.17,88.22,71.0
2026-01-01,Moga,31.65,2.0,73.0
2026-01-01,Muzaffarnagar,22.42,104.64,64.25
2026-01-01,Patiala,32.33,26.93,
2026-01-01,Saharanpur,29.73,81.2,49.33
2026-01-01,Sirsa,26.52,63.9,53.25
2026-01-02,Agra,30.78,96.8,54.2
2026-01-02,Ambala,29.43,62.46,67.5
2026-01-02,Amritsar,26.5,67.58,71.0
2026-01-02,Bareilly,26.98,125.89,64.8
2026-01-02,Bathinda,23.05,46.25,92.0
2026-01-02,Fatehabad,27.66,47.4,66.25
2026-01-02,Ferozepur,30.3,25.91,66.0
2026-01-02,Hisar,25.5,18.54,38.5
2026-01-02,Jalandhar,30.52,80.31,51.0
2026-01-02,Karnal,26.26,161.01,61.86
2026-01-02,Kurukshetra,27.02,105.8,85.75
2026-01-02,Ludhiana,31.05,86.51,70.0
2026-01-02,Meerut,33.6,27.3,90.0
2026-01-02,Moga,27.05,56.6,79.5
2026-01-02,Muzaffarnagar,31.3,23.4,39.0
2026-01-02,Patiala,25.3,117.22,67.5
2026-01-02,Saharanpur,18.9,85.85,67.5
2026-01-03,Ambala,31.6,4.5,81.5
2026-01-03,Amritsar,25.85,114.0,66.0
2026-01-03,Bareilly,22.5,5.5,46.0
2026-01-03,Bathinda,22.58,63.97,44.0
2026-01-03,Fatehabad,21.25,43.4,75.5
2026-01-03,Ferozepur,25.43,37.8,69.5
2026-01-03,Hisar,23.83,138.25,53.33
2026-01-03,Jalandhar,25.86,117.36,57.8
2026-01-03,Karnal,25.54,171.89,65.57
2026-01-03,Kurukshetra,29.48,110.48,52.6
2026-01-03,Ludhiana,25.2,35.2,77.0
2026-01-03,Meerut,18.55,20.51,53.0
2026-01-03,Moga,39.0,35.81,63.0
2026-01-03,Muzaffarnagar,25.2,111.78,66.33
2026-01-03,Patiala,23.1,6.7,61.0
2026-01-03,Saharanpur,27.1,55.12,74.0
2026-01-03,Sirsa,17.65,116.37,44.67
2026-01-04,Agra,34.5,162.06,62.0
2026-01-04,Ambala,29.35,18.79,58.0
2026-01-04,Amritsar,27.17,33.28,65.0
2026-01-04,Bareilly,27.98,96.49,56.33
2026-01-04,Bathinda,34.1,57.6,65.0
2026-01-04,Fatehabad,33.44,104.5,78.8
2026-01-04,Ferozepur,30.53,45.9,64.0
2026-01-04,Hisar,28.6,197.17,69.67
2026-01-04,Jalandhar,27.84,80.6,58.25
2026-01-04,Karnal,31.15,31.3,55.0
2026-01-04,Kurukshetra,32.95,37.6,65.0
2026-01-04,Ludhiana,32.33,73.9,68.0
2026-01-04,Meerut,27.3,22.5,63.5
2026-01-04,Moga,17.25,34.3,79.5
2026-01-04,Muzaffarnagar,22.4,31.4,89.0
2026-01-04,Saharanpur,27.26,108.75,72.2
2026-01-04,Sirsa,20.7,0.0,80.0
2026-01-05,Agra,27.55,149.59,73.0
2026-01-05,Ambala,35.17,91.03,56.0
2026-01-05,Amritsar,30.05,54.7,59.0
2026-01-05,Bareilly,27.72,66.69,66.0
2026-01-05,Bathinda,22.35,1.8,46.5
2026-01-05,Fatehabad,30.3,97.1,56.4
2026-01-05,Ferozepur,22.15,75.4,61.5
2026-01-05,Hisar,26.98,113.05,69.4
2026-01-05,Karnal,28.15,61.8,51.0
2026-01-05,Kurukshetra,28.53,124.98,76.0
2026-01-05,Ludhiana,26.93,37.4,49.5
2026-01-05,Meerut,28.85,127.38,55.5
2026-01-05,Patiala,38.3,23.7,74.0
2026-01-05,Saharanpur,36.4,23.2,
2026-01-05,Sirsa,30.9,70.4,41.67
2026-01-06,Agra,24.5,20.2,64.0
2026-01-06,Ambala,21.8,39.6,58.0
2026-01-06,Amritsar,30.1,133.35,81.0
2026-01-06,Bareilly,27.6,40.5,79.5
2026-01-06,Bathinda,25.65,48.0,57.5
2026-01-06,Fatehabad,24.1,89.6,58.33
2026-01-06,Ferozepur,27.73,105.8,55.0
2026-01-06,Hisar,28.53,127.01,43.67
2026-01-06,Jalandhar,23.28,100.0,62.17
2026-01-06,Karnal,29.4,8.7,72.0
2026-01-06,Kurukshetra,28.78,67.0,60.8
2026-01-06,Ludhiana,30.7,41.8,70.5
2026-01-06,Meerut,26.32,90.2,71.2
2026-01-06,Moga,16.05,59.3,59.5
2026-01-06,Patiala,34.52,92.2,48.6
2026-01-06,Saharanpur,34.4,0.0,34.0
2026-01-06,Sirsa,23.55,49.53,39.0
2026-01-07,Agra,23.4,49.91,57.0
2026-01-07,Ambala,16.8,0.0,88.0
2026-01-07,Amritsar,26.1,51.46,62.4
2026-01-07,Bareilly,30.08,76.45,68.25
2026-01-07,Bathinda,29.2,53.98,72.75
2026-01-07,Fatehabad,24.9,57.65,48.5
2026-01-07,Ferozepur,31.02,97.29,52.0
2026-01-07,Hisar,24.8,125.16,68.83
2026-01-07,Jalandhar,30.42,49.32,51.2
2026-01-07,Karnal,24.75,73.62,57.67
2026-01-07,Kurukshetra,26.37,78.49,65.33
2026-01-07,Ludhiana,27.38,197.65,53.11
2026-01-07,Meerut,39.3,40.8,82.0
2026-01-07,Moga,28.7,102.05,44.67
2026-01-07,Muzaffarnagar,26.28,74.19,81.33
2026-01-07,Patiala,37.2,15.5,45.0
2026-01-07,Saharanpur,37.7,0.0,
2026-01-07,Sirsa,21.67,99.48,42.33
2026-01-08,Agra,27.15,31.9,78.0
2026-01-08,Ambala,32.3,72.0,64.0
2026-01-08,Amritsar,27.7,87.2,52.0
2026-01-08,Bareilly,28.55,28.14,75.0
2026-01-08,Bathinda,27.75,59.04,63.75
2026-01-08,Fatehabad,27.82,104.85,74.25
2026-01-08,Ferozepur,26.05,2.54,56.0
2026-01-08,Hisar,25.35,71.77,77.0
2026-01-08,Jalandhar,27.9,63.23,66.33
2026-01-08,Karnal,22.07,59.4,90.33
2026-01-08,Kurukshetra,27.9,101.5,61.33
2026-01-08,Ludhiana,32.15,3.5,89.0
2026-01-08,Meerut,22.43,55.88,65.33
2026-01-08,Moga,17.9,1.5,94.0
2026-01-08,Muzaffarnagar,17.2,39.1,92.0
2026-01-08,Patiala,34.8,0.0,50.0
2026-01-08,Sirsa,21.6,32.4,79.0
2026-01-09,Agra,33.7,0.0,63.0
2026-01-09,Ambala,31.83,53.7,50.67
2026-01-09,Amritsar,22.85,25.1,72.0
2026-01-09,Bareilly,22.96,139.23,56.0
2026-01-09,Bathinda,24.45,107.45,52.83
2026-01-09,Fatehabad,34.0,12.1,93.0
2026-01-09,Ferozepur,27.52,16.4,63.33
2026-01-09,Hisar,31.42,140.2,64.75
2026-01-09,Jalandhar,28.13,33.3,66.0
2026-01-09,Karnal,27.35,86.06,69.25
2026-01-09,Kurukshetra,31.92,112.44,60.0
2026-01-09,Ludhiana,23.35,38.8,36.0
2026-01-09,Meerut,35.95,53.3,48.5
2026-01-09,Muzaffarnagar,24.0,28.05,55.0
2026-01-09,Patiala,30.78,12.5,68.25
2026-01-09,Saharanpur,34.65,52.6,51.5
2026-01-09,Sirsa,25.05,33.3,55.5
2026-01-10,Agra,16.5,16.1,36.0
2026-01-10,Ambala,20.6,42.4,54.5
2026-01-10,Bareilly,30.13,50.2,49.67
2026-01-10,Bathinda,39.9,19.9,61.0
2026-01-10,Fatehabad,28.15,10.2,53.5
2026-01-10,Ferozepur,30.47,62.1,66.0
2026-01-10,Hisar,34.01,151.48,65.57
2026-01-10,Jalandhar,27.1,79.8,47.5
2026-01-10,Karnal,36.5,0.0,67.0
2026-01-10,Kurukshetra,26.92,131.16,55.0
2026-01-10,Ludhiana,27.45,19.46,69.0
2026-01-10,Meerut,36.85,39.7,59.0
2026-01-10,Moga,23.8,10.7,80.0
2026-01-10,Patiala,26.17,126.28,56.29
2026-01-10,Saharanpur,27.34,154.33,63.8
2026-01-10,Sirsa,27.9,46.8,
2026-01-11,Agra,18.68,76.8,54.75
2026-01-11,Ambala,25.96,134.52,64.86
2026-01-11,Amritsar,28.92,91.0,71.0
2026-01-11,Bareilly,30.37,56.55,59.33
2026-01-11,Bathinda,24.95,95.32,69.5
2026-01-11,Fatehabad,25.1,22.0,74.0
2026-01-11,Ferozepur,35.15,39.9,35.5
2026-01-11,Hisar,26.53,18.03,60.33
2026-01-11,Jalandhar,21.9,72.3,69.0
2026-01-11,Karnal,22.6,29.47,79.0
2026-01-11,Kurukshetra,23.73,109.35,48.0
2026-01-11,Ludhiana,24.87,56.3,78.0
2026-01-11,Meerut,27.1,101.2,62.67
2026-01-11,Moga,27.25,129.52,62.25
2026-01-11,Muzaffarnagar,25.25,18.5,61.5
2026-01-11,Patiala,31.67,64.85,48.67
2026-01-11,Saharanpur,22.05,61.46,72.5
2026-01-11,Sirsa,23.3,0.0,61.5
2026-01-12,Agra,37.3,21.2,63.0
2026-01-12,Ambala,24.8,57.4,50.5
2026-01-12,Amritsar,25.97,82.13,81.33
2026-01-12,Bareilly,29.9,37.1,41.0
2026-01-12,Bathinda,23.94,204.68,45.75
2026-01-12,Fatehabad,23.3,83.22,71.0
2026-01-12,Ferozepur,27.72,89.7,64.2
2026-01-12,Hisar,31.75,46.59,80.0
2026-01-12,Jalandhar,19.9,3.81,
2026-01-12,Karnal,35.7,78.82,47.0
2026-01-12,Kurukshetra,25.7,0.0,64.0
2026-01-12,Ludhiana,29.65,92.62,36.5
2026-01-12,Meerut,31.2,42.5,37.0
2026-01-12,Moga,19.3,0.0,
2026-01-12,Patiala,28.6,0.5,81.0
2026-01-12,Saharanpur,20.57,85.7,60.33
2026-01-12,Sirsa,27.5,12.1,33.0
2026-01-13,Agra,29.9,63.19,86.5
2026-01-13,Ambala,21.0,109.07,50.67
2026-01-13,Amritsar,25.67,78.3,79.0
2026-01-13,Bareilly,30.9,39.09,72.33
2026-01-13,Bathinda,29.95,138.4,65.0
2026-01-13,Fatehabad,21.65,31.4,50.0
2026-01-13,Ferozepur,31.6,73.8,49.25
2026-01-13,Hisar,23.9,40.17,55.0
2026-01-13,Jalandhar,27.65,31.3,44.5
2026-01-13,Karnal,26.12,149.05,59.25
2026-01-13,Kurukshetra,17.0,22.61,69.0
2026-01-13,Ludhiana,26.36,114.83,47.2
2026-01-13,Meerut,22.1,35.31,80.0
2026-01-13,Moga,30.13,135.38,57.67
2026-01-13,Saharanpur,21.9,16.4,46.5
2026-01-13,Sirsa,23.6,43.2,78.0
2026-01-14,Agra,19.5,38.8,66.0
2026-01-14,Ambala,23.27,76.04,57.33
2026-01-14,Amritsar,25.13,91.71,56.5
2026-01-14,Bareilly,23.3,91.4,58.2
2026-01-14,Bathinda,29.85,7.1,38.0
2026-01-14,Fatehabad,38.4,98.69,67.5
2026-01-14,Ferozepur,28.05,53.6,85.0
2026-01-14,Hisar,25.93,55.7,59.0
2026-01-14,Jalandhar,25.45,0.0,67.0
2026-01-14,Karnal,23.88,141.38,47.0
2026-01-14,Kurukshetra,26.4,30.9,89.0
2026-01-14,Ludhiana,28.02,44.9,66.5
2026-01-14,Meerut,30.27,48.83,44.33
2026-01-14,Moga,25.83,5.3,57.67
2026-01-14,Muzaffarnagar,24.2,75.3,66.33
2026-01-14,Patiala,27.23,70.58,93.0
2026-01-14,Saharanpur,27.9,63.5,50.5
2026-01-14,Sirsa,19.7,0.0,59.0
2026-01-15,Agra,30.57,79.99,79.0
2026-01-15,Ambala,28.53,48.9,79.33
2026-01-15,Amritsar,20.9,51.4,73.33
2026-01-15,Bareilly,25.3,31.25,62.6
2026-01-15,Bathinda,21.4,25.0,81.67
2026-01-15,Fatehabad,16.5,43.18,
2026-01-15,Ferozepur,28.32,127.87,49.33
2026-01-15,Hisar,32.55,0.0,61.0
2026-01-15,Jalandhar,31.75,10.2,63.5
2026-01-15,Karnal,28.0,92.48,68.25
2026-01-15,Kurukshetra,26.07,75.7,59.0
2026-01-15,Ludhiana,28.35,42.2,72.5
2026-01-15,Meerut,34.15,8.9,81.0
2026-01-15,Moga,22.8,29.92,61.33
2026-01-15,Muzaffarnagar,33.6,0.0,38.0
2026-01-15,Patiala,25.4,34.0,68.25
2026-01-15,Saharanpur,29.18,126.94,49.25
2026-01-16,Agra,32.85,43.88,61.5
2026-01-16,Ambala,26.65,156.1,59.6
2026-01-16,Amritsar,17.7,21.8,70.0
2026-01-16,Bareilly,24.57,39.67,80.0
2026-01-16,Bathinda,35.35,62.77,73.75
2026-01-16,Fatehabad,34.55,40.0,56.0
2026-01-16,Ferozepur,33.0,18.8,80.0
2026-01-16,Hisar,27.52,30.4,50.0
2026-01-16,Jalandhar,35.76,57.27,44.5
2026-01-16,Karnal,24.23,97.82,77.5
2026-01-16,Kurukshetra,31.28,115.42,61.5
2026-01-16,Ludhiana,28.05,36.1,41.0
2026-01-16,Meerut,23.55,58.3,50.5
2026-01-16,Moga,27.25,59.9,60.0
2026-01-16,Muzaffarnagar,31.23,42.8,67.0
2026-01-16,Patiala,34.05,49.2,
2026-01-16,Saharanpur,29.42,90.6,63.25
2026-01-16,Sirsa,24.6,81.81,62.5
2026-01-17,Agra,27.0,8.89,33.0
2026-01-17,Ambala,32.9,0.0,34.0
2026-01-17,Amritsar,34.7,159.09,45.25
2026-01-17,Bareilly,28.53,68.93,80.33
2026-01-17,Bathinda,28.8,93.21,53.5
2026-01-17,Fatehabad,30.08,37.93,71.67
2026-01-17,Ferozepur,29.43,56.46,64.33
2026-01-17,Jalandhar,30.08,124.1,71.67
2026-01-17,Karnal,30.8,144.82,74.67
2026-01-17,Kurukshetra,29.34,146.68,62.67
2026-01-17,Ludhiana,30.32,50.5,61.0
2026-01-17,Meerut,37.9,45.97,39.0
2026-01-17,Moga,29.93,11.5,48.0
2026-01-17,Muzaffarnagar,27.38,92.9,65.0
2026-01-17,Patiala,29.7,30.5,34.0
2026-01-17,Saharanpur,28.74,164.22,82.4
2026-01-18,Agra,22.05,31.6,55.0
2026-01-18,Ambala,30.3,9.1,53.0
2026-01-18,Amritsar,22.8,18.3,89.0
2026-01-18,Bareilly,16.6,26.3,89.0
2026-01-18,Bathinda,26.45,14.73,63.0
2026-01-18,Ferozepur,24.88,126.27,63.25
2026-01-18,Hisar,24.62,88.6,69.0
2026-01-18,Jalandhar,28.5,73.0,51.0
2026-01-18,Karnal,29.11,213.59,65.67
2026-01-18,Kurukshetra,26.55,39.04,67.5
2026-01-18,Ludhiana,34.45,16.2,59.0
2026-01-18,Meerut,33.9,41.0,84.0
2026-01-18,Muzaffarnagar,32.4,37.34,90.0
2026-01-18,Patiala,16.3,27.0,77.0
2026-01-18,Saharanpur,33.67,51.4,87.0
2026-01-18,Sirsa,34.6,0.0,95.0
2026-01-19,Ambala,23.35,28.1,73.5
2026-01-19,Amritsar,24.82,85.89,64.5
2026-01-19,Bathinda,24.4,60.5,62.33
2026-01-19,Fatehabad,35.0,0.51,42.0
2026-01-19,Ferozepur,30.33,32.2,40.5
2026-01-19,Hisar,27.88,85.69,53.5
2026-01-19,Jalandhar,15.1,36.1,44.0
2026-01-19,Karnal,23.72,146.05,55.75
2026-01-19,Kurukshetra,28.38,108.9,58.0
2026-01-19,Ludhiana,30.05,36.75,47.0
2026-01-19,Meerut,26.02,219.24,76.0
2026-01-19,Moga,26.17,68.9,50.0
2026-01-19,Muzaffarnagar,22.73,103.55,49.67
2026-01-19,Patiala,27.98,78.3,47.25
2026-01-19,Saharanpur,27.77,55.39,40.0
2026-01-19,Sirsa,30.4,40.39,40.0
2026-01-20,Agra,37.7,20.57,73.5
2026-01-20,Ambala,36.47,71.37,67.0
2026-01-20,Amritsar,29.5,86.84,68.75
2026-01-20,Bareilly,28.0,19.28,79.0
2026-01-20,Bathinda,32.32,116.91,58.0
2026-01-20,Fatehabad,25.85,53.42,90.0
2026-01-20,Ferozepur,28.37,65.2,63.8
2026-01-20,Hisar,26.97,66.3,39.67
2026-01-20,Jalandhar,31.0,43.69,74.0
2026-01-20,Karnal,28.1,39.88,90.0
2026-01-20,Kurukshetra,24.43,67.9,53.67
2026-01-20,Ludhiana,20.43,82.7,49.0
2026-01-20,Meerut,38.4,0.0,
2026-01-20,Moga,23.9,5.08,48.0
2026-01-20,Muzaffarnagar,21.8,69.49,51.0
2026-01-20,Patiala,22.8,23.9,67.0
2026-01-20,Saharanpur,23.65,74.6,61.5
2026-01-20,Sirsa,29.2,22.9,60.33
2026-01-21,Agra,28.0,103.58,68.25
2026-01-21,Ambala,25.34,101.73,60.0
2026-01-21,Amritsar,23.36,139.9,53.2
2026-01-21,Bareilly,20.7,19.2,63.0
2026-01-21,Bathinda,28.8,57.42,75.5
2026-01-21,Fatehabad,32.3,37.6,41.0
2026-01-21,Ferozepur,15.1,13.8,
2026-01-21,Hisar,24.07,52.0,70.5
2026-01-21,Jalandhar,17.8,9.7,76.0
2026-01-21,Kurukshetra,34.83,99.4,81.5
2026-01-21,Ludhiana,23.14,146.99,65.2
2026-01-21,Meerut,22.98,102.2,55.33
2026-01-21,Moga,26.9,112.69,49.14
2026-01-21,Muzaffarnagar,24.4,81.0,84.5
2026-01-21,Saharanpur,23.0,55.3,48.5
2026-01-21,Sirsa,29.2,54.75,65.5
2026-01-22,Agra,31.7,81.3,57.33
2026-01-22,Ambala,30.7,71.6,54.67
2026-01-22,Amritsar,29.9,11.9,
2026-01-22,Bareilly,29.85,147.1,69.0
2026-01-22,Bathinda,18.0,0.0,66.0
2026-01-22,Fatehabad,24.35,43.2,88.0
2026-01-22,Ferozepur,20.9,92.09,58.0
2026-01-22,Hisar,31.3,9.91,87.0
2026-01-22,Jalandhar,25.37,77.62,77.5
2026-01-22,Karnal,38.05,21.19,90.0
2026-01-22,Kurukshetra,29.67,37.54,55.0
2026-01-22,Ludhiana,29.2,64.5,79.67
2026-01-22,Moga,25.8,98.48,57.33
2026-01-22,Muzaffarnagar,32.38,104.4,54.0
2026-01-22,Patiala,33.8,25.9,43.0
2026-01-22,Sirsa,24.9,0.0,72.0
2026-01-23,Agra,29.7,44.96,53.0
2026-01-23,Ambala,22.4,2.9,33.0
2026-01-23,Amritsar,27.3,28.7,
2026-01-23,Bareilly,31.0,24.64,85.0
2026-01-23,Bathinda,25.76,139.7,59.6
2026-01-23,Fatehabad,33.1,0.0,39.0
2026-01-23,Ferozepur,27.13,181.17,63.2
2026-01-23,Hisar,18.35,42.67,56.0
2026-01-23,Jalandhar,34.4,45.8,40.0
2026-01-23,Karnal,33.2,35.6,63.25
2026-01-23,Ludhiana,25.95,67.5,83.0
2026-01-23,Meerut,25.82,85.0,64.33
2026-01-23,Moga,22.3,65.01,70.5
2026-01-23,Patiala,19.25,83.85,45.0
2026-01-23,Sirsa,30.4,42.16,59.0
2026-01-24,Agra,31.0,45.82,54.0
2026-01-24,Ambala,33.0,36.2,88.0
2026-01-24,Amritsar,23.82,237.57,60.25
2026-01-24,Bathinda,38.0,27.18,88.0
2026-01-24,Fatehabad,26.83,136.83,69.6
2026-01-24,Ferozepur,19.0,37.8,
2026-01-24,Hisar,24.0,103.79,68.25
2026-01-24,Jalandhar,26.32,86.43,68.2
2026-01-24,Karnal,18.55,32.9,44.5
2026-01-24,Kurukshetra,31.87,91.05,72.0
2026-01-24,Ludhiana,24.3,134.58,64.0
2026-01-24,Meerut,23.45,99.6,50.0
2026-01-24,Moga,26.0,179.59,58.2
2026-01-24,Muzaffarnagar,25.4,40.39,70.0
2026-01-24,Patiala,15.5,32.6,30.0
2026-01-24,Saharanpur,26.38,83.81,79.0
2026-01-24,Sirsa,29.43,36.29,65.67
2026-01-25,Agra,24.83,111.79,52.4
2026-01-25,Ambala,26.1,6.6,88.5
2026-01-25,Amritsar,23.05,35.5,62.0
2026-01-25,Bareilly,35.43,56.67,50.67
2026-01-25,Bathinda,28.26,71.63,81.67
2026-01-25,Fatehabad,31.04,145.18,46.0
2026-01-25,Ferozepur,28.36,101.8,57.33
2026-01-25,Hisar,27.42,81.4,57.8
2026-01-25,Jalandhar,21.4,92.8,74.0
2026-01-25,Karnal,28.82,67.6,57.67
2026-01-25,Kurukshetra,37.15,10.9,54.0
2026-01-25,Ludhiana,27.97,140.41,71.0
2026-01-25,Meerut,28.72,107.2,51.0
2026-01-25,Moga,30.0,15.1,77.5
2026-01-25,Muzaffarnagar,33.1,118.27,55.25
2026-01-25,Patiala,18.55,12.2,60.0
2026-01-25,Saharanpur,30.73,44.5,50.0
2026-01-25,Sirsa,27.6,82.65,58.25
2026-01-26,Agra,20.23,100.35,44.0
2026-01-26,Ambala,24.7,37.34,
2026-01-26,Amritsar,29.26,106.6,73.0
2026-01-26,Bareilly,29.5,92.27,66.0
2026-01-26,Bathinda,29.7,37.1,60.0
2026-01-26,Fatehabad,30.89,217.82,56.0
2026-01-26,Ferozepur,31.47,88.9,89.0
2026-01-26,Hisar,25.65,46.59,77.5
2026-01-26,Jalandhar,30.45,62.3,71.0
2026-01-26,Karnal,25.3,79.4,76.5
2026-01-26,Kurukshetra,27.37,185.24,60.14
2026-01-26,Ludhiana,24.4,47.9,48.33
2026-01-26,Meerut,25.7,9.1,71.0
2026-01-26,Moga,22.65,10.41,64.0
2026-01-26,Muzaffarnagar,25.65,46.74,83.5
2026-01-26,Patiala,21.2,29.78,66.5
2026-01-26,Saharanpur,15.1,31.5,50.0
2026-01-26,Sirsa,34.56,118.59,59.4
2026-01-27,Agra,27.2,21.2,72.33
2026-01-27,Ambala,32.9,40.0,69.0
2026-01-27,Amritsar,26.35,26.83,64.0
2026-01-27,Bareilly,27.17,20.0,79.0
2026-01-27,Bathinda,21.05,69.01,76.0
2026-01-27,Fatehabad,39.4,10.5,56.0
2026-01-27,Ferozepur,32.7,4.3,64.0
2026-01-27,Hisar,25.9,40.4,55.0
2026-01-27,Jalandhar,26.7,140.21,54.0
2026-01-27,Karnal,26.18,123.91,67.8
2026-01-27,Kurukshetra,24.93,26.16,56.0
2026-01-27,Ludhiana,23.45,6.9,69.5
2026-01-27,Meerut,24.58,132.46,69.5
2026-01-27,Moga,31.6,16.0,86.0
2026-01-27,Muzaffarnagar,26.1,28.86,38.0
2026-01-27,Patiala,34.3,17.27,44.0
2026-01-27,Saharanpur,27.93,69.66,63.33
2026-01-27,Sirsa,22.2,24.6,47.0
2026-01-28,Agra,26.4,87.36,66.0
2026-01-28,Ambala,34.05,9.8,67.0
2026-01-28,Amritsar,30.78,107.6,57.4
2026-01-28,Bareilly,27.02,94.96,76.5
2026-01-28,Bathinda,35.05,44.96,62.0
2026-01-28,Fatehabad,35.05,46.7,83.5
2026-01-28,Ferozepur,18.3,33.1,
2026-01-28,Hisar,30.15,45.02,65.5
2026-01-28,Jalandhar,24.72,138.67,79.25
2026-01-28,Kurukshetra,34.75,60.02,59.75
2026-01-28,Ludhiana,18.8,24.81,75.0
2026-01-28,Moga,29.8,86.8,47.5
2026-01-28,Muzaffarnagar,26.45,102.83,63.0
2026-01-28,Patiala,27.14,81.68,66.4
2026-01-28,Saharanpur,22.0,30.99,39.0
2026-01-28,Sirsa,31.43,107.89,42.33
2026-01-29,Agra,23.13,67.09,67.5
2026-01-29,Ambala,35.8,16.1,
2026-01-29,Amritsar,26.35,45.0,73.0
2026-01-29,Bareilly,30.2,101.19,58.67
2026-01-29,Bathinda,25.83,62.34,66.0
2026-01-29,Fatehabad,35.3,68.58,66.5
2026-01-29,Hisar,26.12,55.0,56.25
2026-01-29,Jalandhar,27.3,94.74,37.5
2026-01-29,Karnal,33.5,9.2,94.0
2026-01-29,Kurukshetra,32.52,140.6,59.0
2026-01-29,Ludhiana,25.9,21.5,89.0
2026-01-29,Meerut,23.4,56.2,72.5
2026-01-29,Moga,31.38,175.2,55.4
2026-01-29,Muzaffarnagar,25.32,75.85,81.0
2026-01-29,Patiala,28.6,34.53,75.0
2026-01-29,Saharanpur,32.6,32.7,53.5
2026-01-29,Sirsa,23.93,105.06,60.0
2026-01-30,Agra,29.0,79.8,76.5
2026-01-30,Ambala,31.4,89.1,56.67
2026-01-30,Amritsar,24.9,150.67,61.67
2026-01-30,Bareilly,31.9,88.9,63.0
2026-01-30,Bathinda,39.3,23.62,87.0
2026-01-30,Fatehabad,29.23,59.18,62.67
2026-01-30,Ferozepur,26.72,164.7,64.0
2026-01-30,Hisar,26.77,64.57,69.5
2026-01-30,Jalandhar,32.0,2.9,47.0
2026-01-30,Karnal,32.48,98.56,67.6
2026-01-30,Kurukshetra,25.8,92.46,34.5
2026-01-30,Ludhiana,30.87,84.01,48.67
2026-01-30,Meerut,26.25,62.28,31.0
2026-01-30,Moga,24.98,127.3,62.8
2026-01-30,Muzaffarnagar,20.8,60.1,70.0
2026-01-30,Patiala,34.5,26.23,60.5
2026-01-30,Sirsa,34.9,0.5,43.0
2026-01-31,Agra,27.17,121.42,74.17
2026-01-31,Ambala,24.72,166.4,62.0
2026-01-31,Amritsar,27.86,90.02,61.4
2026-01-31,Bareilly,24.37,48.5,62.8
2026-01-31,Bathinda,23.68,48.21,51.2
2026-01-31,Fatehabad,23.4,47.59,74.67
2026-01-31,Ferozepur,24.98,154.05,70.6
2026-01-31,Hisar,33.65,41.44,80.0
2026-01-31,Jalandhar,34.8,41.6,89.0
2026-01-31,Karnal,30.4,0.0,76.0
2026-01-31,Kurukshetra,20.36,135.08,61.75
2026-01-31,Ludhiana,26.45,57.08,62.0
2026-01-31,Meerut,25.3,24.5,80.0
2026-01-31,Moga,30.75,69.34,58.67
2026-01-31,Muzaffarnagar,28.93,90.2,69.33
2026-01-31,Saharanpur,29.07,114.08,44.5
2026-01-31,Sirsa,27.8,27.1,58.0
2026-02-01,Agra,28.93,127.86,62.5
2026-02-01,Ambala,27.45,47.65,52.5
2026-02-01,Amritsar,25.97,61.08,70.67
2026-02-01,Bareilly,37.75,40.6,42.5
2026-02-01,Bathinda,28.34,163.8,64.0
2026-02-01,Fatehabad,25.72,216.06,54.83
2026-02-01,Ferozepur,28.07,71.87,58.0
2026-02-01,Hisar,25.8,78.58,64.75
2026-02-01,Jalandhar,29.07,107.6,60.0
2026-02-01,Karnal,18.6,0.0,
2026-02-01,Kurukshetra,32.8,104.63,50.25
2026-02-01,Ludhiana,36.2,41.4,67.5
2026-02-01,Meerut,18.47,56.15,67.67
2026-02-01,Moga,21.98,87.99,59.5
2026-02-01,Muzaffarnagar,34.03,95.5,79.67
2026-02-01,Patiala,22.76,148.95,63.2
2026-02-01,Saharanpur,23.0,0.0,49.0
2026-02-02,Agra,36.1,39.9,
2026-02-02,Ambala,28.35,74.08,67.67
2026-02-02,Amritsar,21.7,89.55,62.0
2026-02-02,Bareilly,16.3,0.76,
2026-02-02,Bathinda,24.7,87.82,55.33
2026-02-02,Fatehabad,31.7,48.7,91.0
2026-02-02,Ferozepur,26.9,57.8,66.67
2026-02-02,Hisar,32.44,67.99,70.75
2026-02-02,Jalandhar,23.02,95.74,62.5
2026-02-02,Karnal,24.77,41.5,54.0
2026-02-02,Kurukshetra,26.75,108.6,67.75
2026-02-02,Ludhiana,28.66,119.7,58.0
2026-02-02,Meerut,25.0,91.19,66.25
2026-02-02,Moga,35.4,37.44,91.5
2026-02-02,Muzaffarnagar,26.65,55.87,75.67
2026-02-02,Saharanpur,30.7,141.7,70.5
2026-02-02,Sirsa,36.75,19.56,54.5
2026-02-03,Agra,32.98,82.6,47.0
2026-02-03,Ambala,18.0,8.38,79.0
2026-02-03,Amritsar,27.53,62.5,38.33
2026-02-03,Bareilly,27.77,81.99,64.0
2026-02-03,Bathinda,29.0,137.54,63.5
2026-02-03,Fatehabad,27.71,119.26,60.86
2026-02-03,Ferozepur,32.97,43.4,54.33
2026-02-03,Hisar,28.05,91.0,49.67
2026-02-03,Jalandhar,35.7,22.61,46.0
2026-02-03,Karnal,24.32,74.38,61.8
2026-02-03,Kurukshetra,28.17,29.2,58.33
2026-02-03,Ludhiana,24.55,6.1,40.5
2026-02-03,Meerut,23.9,93.55,70.8
2026-02-03,Moga,30.3,38.0,65.33
2026-02-03,Muzaffarnagar,30.8,45.01,74.67
2026-02-03,Patiala,23.73,82.4,63.5
2026-02-03,Saharanpur,20.8,34.54,84.0
2026-02-03,Sirsa,28.95,24.1,63.0
2026-02-04,Agra,22.24,111.3,60.0
2026-02-04,Ambala,27.47,45.3,70.0
2026-02-04,Amritsar,24.1,53.9,73.5
2026-02-04,Bareilly,24.45,96.01,72.5
2026-02-04,Bathinda,24.23,87.0,56.0
2026-02-04,Fatehabad,36.7,56.1,65.5
2026-02-04,Ferozepur,24.02,72.9,56.5
2026-02-04,Hisar,27.75,148.8,68.5
2026-02-04,Jalandhar,22.4,60.27,73.0
2026-02-04,Karnal,34.7,57.7,59.67
2026-02-04,Kurukshetra,29.43,58.32,39.0
2026-02-04,Ludhiana,28.3,102.07,53.5
2026-02-04,Meerut,36.2,26.6,79.0
2026-02-04,Moga,35.2,11.8,50.0
2026-02-04,Muzaffarnagar,24.7,23.3,59.5
2026-02-04,Patiala,31.7,48.5,68.2
2026-02-04,Saharanpur,26.05,10.92,61.0
2026-02-04,Sirsa,36.4,10.3,79.0
2026-02-05,Agra,27.7,45.5,46.33
2026-02-05,Ambala,34.0,26.92,53.0
2026-02-05,Amritsar,26.8,55.3,70.0
2026-02-05,Bareilly,29.49,149.4,60.8
2026-02-05,Bathinda,26.5,108.65,68.75
2026-02-05,Fatehabad,30.6,68.73,68.67
2026-02-05,Ferozepur,32.5,109.66,74.75
2026-02-05,Hisar,30.77,37.3,80.0
2026-02-05,Jalandhar,30.72,69.93,60.0
2026-02-05,Karnal,27.15,67.3,44.0
2026-02-05,Kurukshetra,29.47,116.53,45.33
2026-02-05,Ludhiana,29.33,64.9,80.0
2026-02-05,Meerut,31.84,122.54,68.0
2026-02-05,Moga,25.24,91.41,72.6
2026-02-05,Muzaffarnagar,27.15,34.8,70.0
2026-02-05,Patiala,35.5,25.9,81.0
2026-02-05,Saharanpur,30.05,23.8,81.5
2026-02-05,Sirsa,18.8,46.4,64.0
2026-02-06,Agra,30.2,47.0,63.5
2026-02-06,Ambala,33.75,33.66,67.0
2026-02-06,Amritsar,25.4,0.0,64.0
2026-02-06,Bareilly,30.17,138.38,66.0
2026-02-06,Bathinda,28.1,120.3,50.0
2026-02-06,Fatehabad,23.6,49.78,94.0
2026-02-06,Ferozepur,35.0,43.69,73.0
2026-02-06,Hisar,18.2,0.0,57.0
2026-02-06,Jalandhar,25.9,140.91,61.5
2026-02-06,Karnal,36.23,4.9,51.33
2026-02-06,Kurukshetra,23.05,82.88,79.0
2026-02-06,Ludhiana,21.65,40.0,53.5
2026-02-06,Meerut,26.2,40.39,
2026-02-06,Moga,24.8,22.1,69.0
2026-02-06,Muzaffarnagar,32.2,67.8,82.0
2026-02-06,Patiala,36.5,7.7,38.0
2026-02-06,Saharanpur,22.8,41.0,31.0
2026-02-06,Sirsa,21.18,128.27,51.75
2026-02-07,Agra,33.0,76.26,73.75
2026-02-07,Amritsar,27.95,66.1,53.75
2026-02-07,Bareilly,32.1,36.8,49.0
2026-02-07,Fatehabad,26.15,53.87,69.25
2026-02-07,Ferozepur,29.6,32.51,58.5
2026-02-07,Hisar,27.8,56.2,66.5
2026-02-07,Jalandhar,28.37,85.1,38.0
2026-02-07,Karnal,21.1,7.8,36.0
2026-02-07,Kurukshetra,26.6,43.11,71.25
2026-02-07,Ludhiana,23.55,118.82,64.2
2026-02-07,Meerut,30.35,125.12,64.67
2026-02-07,Moga,28.46,97.16,54.8
2026-02-07,Muzaffarnagar,28.2,26.0,60.0
2026-02-07,Patiala,25.45,59.1,65.0
2026-02-07,Saharanpur,24.4,34.3,89.0
2026-02-07,Sirsa,30.65,12.7,51.0
2026-02-08,Agra,29.57,122.78,52.67
2026-02-08,Ambala,33.7,5.0,59.5
2026-02-08,Amritsar,28.92,12.03,61.75
2026-02-08,Bareilly,29.67,87.63,65.0
2026-02-08,Bathinda,29.67,76.5,66.67
2026-02-08,Fatehabad,40.0,4.7,93.0
2026-02-08,Ferozepur,34.27,46.01,57.0
2026-02-08,Hisar,23.02,90.92,39.5
2026-02-08,Jalandhar,30.8,39.62,89.0
2026-02-08,Karnal,17.55,50.79,50.0
2026-02-08,Kurukshetra,23.4,110.86,51.67
2026-02-08,Ludhiana,26.53,69.52,69.0
2026-02-08,Meerut,26.73,112.41,60.4
2026-02-08,Moga,27.98,151.71,44.5
2026-02-08,Patiala,28.67,61.1,50.0
2026-02-08,Saharanpur,31.3,18.3,88.0
2026-02-08,Sirsa,20.9,40.4,87.0
2026-02-09,Agra,30.95,113.86,53.75
2026-02-09,Ambala,29.6,70.15,50.25
2026-02-09,Amritsar,28.75,94.86,62.0
2026-02-09,Bareilly,26.94,108.59,45.25
2026-02-09,Bathinda,21.25,13.21,78.0
2026-02-09,Fatehabad,21.27,53.74,53.67
2026-02-09,Ferozepur,16.8,0.0,37.0
2026-02-09,Hisar,24.64,143.5,62.8
2026-02-09,Karnal,27.12,93.8,74.33
2026-02-09,Ludhiana,24.9,74.74,79.0
2026-02-09,Meerut,26.83,43.67,55.67
2026-02-09,Moga,24.47,126.7,62.5
2026-02-09,Muzaffarnagar,20.88,80.94,52.75
2026-02-09,Patiala,33.53,72.8,57.67
2026-02-09,Saharanpur,23.8,31.0,39.0
2026-02-09,Sirsa,34.7,9.91,35.0
2026-02-10,Agra,26.55,47.3,53.0
2026-02-10,Ambala,31.03,57.3,68.0
2026-02-10,Amritsar,28.72,121.1,69.6
2026-02-10,Bareilly,26.23,72.0,75.0
2026-02-10,Bathinda,27.3,58.79,82.0
2026-02-10,Fatehabad,24.8,37.7,76.5
2026-02-10,Ferozepur,20.9,24.0,
2026-02-10,Hisar,26.47,75.28,68.67
2026-02-10,Jalandhar,25.72,62.72,64.0
2026-02-10,Karnal,22.2,0.7,88.0
2026-02-10,Kurukshetra,19.8,32.26,67.5
2026-02-10,Ludhiana,36.2,87.3,44.0
2026-02-10,Meerut,29.33,58.1,68.0
2026-02-10,Moga,23.56,88.1,66.8
2026-02-10,Muzaffarnagar,28.2,0.0,84.0
2026-02-10,Patiala,22.07,78.59,82.67
2026-02-10,Saharanpur,33.95,59.0,61.5
2026-02-10,Sirsa,21.95,48.38,54.5
2026-02-11,Agra,23.53,66.71,73.0
2026-02-11,Ambala,35.9,42.93,57.0
2026-02-11,Bareilly,28.44,197.3,46.4
2026-02-11,Bathinda,23.25,19.2,77.0
2026-02-11,Fatehabad,35.3,47.76,71.5
2026-02-11,Hisar,26.52,125.77,61.25
2026-02-11,Jalandhar,29.47,75.1,63.67
2026-02-11,Karnal,29.5,16.1,57.67
2026-02-11,Kurukshetra,24.3,94.7,80.0
2026-02-11,Ludhiana,28.85,79.8,62.0
2026-02-11,Meerut,16.7,48.8,64.0
2026-02-11,Moga,25.27,18.5,71.0
2026-02-11,Muzaffarnagar,32.83,63.89,80.67
2026-02-11,Patiala,35.1,0.0,58.0
2026-02-11,Saharanpur,27.9,14.4,84.0
2026-02-11,Sirsa,15.1,14.99,
2026-02-12,Agra,26.88,146.4,42.25
2026-02-12,Ambala,27.93,170.98,58.0
2026-02-12,Amritsar,27.7,101.8,81.5
2026-02-12,Bareilly,25.93,33.9,72.67
2026-02-12,Bathinda,35.6,13.2,47.0
2026-02-12,Fatehabad,27.84,226.24,52.86
2026-02-12,Ferozepur,22.58,114.91,69.0
2026-02-12,Hisar,27.16,99.04,49.2
2026-02-12,Karnal,23.23,104.8,74.33
2026-02-12,Ludhiana,21.4,55.54,94.0
2026-02-12,Meerut,31.83,167.69,63.67
2026-02-12,Moga,21.05,82.35,69.0
2026-02-12,Muzaffarnagar,28.98,106.87,71.83
2026-02-12,Patiala,27.0,21.7,63.75
2026-02-12,Saharanpur,38.0,32.0,49.0
2026-02-12,Sirsa,36.7,12.45,90.0
2026-02-13,Ambala,27.8,115.3,49.4
2026-02-13,Bareilly,21.3,45.9,45.0
2026-02-13,Bathinda,26.77,18.5,50.33
2026-02-13,Fatehabad,18.9,18.9,48.0
2026-02-13,Ferozepur,28.8,31.8,47.0
2026-02-13,Hisar,16.5,6.8,83.0
2026-02-13,Jalandhar,35.6,47.9,
2026-02-13,Karnal,26.32,56.13,54.25
2026-02-13,Kurukshetra,37.8,15.1,42.0
2026-02-13,Ludhiana,27.22,99.62,55.2
2026-02-13,Meerut,30.48,158.93,61.75
2026-02-13,Moga,27.1,122.37,48.5
2026-02-13,Muzaffarnagar,22.8,43.9,51.0
2026-02-13,Patiala,34.7,16.9,91.0
2026-02-13,Saharanpur,29.82,19.81,55.67
2026-02-13,Sirsa,29.53,133.46,71.29
2026-02-14,Agra,28.1,51.46,68.33
2026-02-14,Ambala,18.1,70.08,50.0
2026-02-14,Amritsar,29.0,104.4,64.0
2026-02-14,Bareilly,25.77,51.94,63.67
2026-02-14,Bathinda,27.8,94.1,75.75
2026-02-14,Fatehabad,24.63,62.18,63.67
2026-02-14,Ferozepur,26.6,78.6,54.5
2026-02-14,Hisar,26.6,37.5,39.0
2026-02-14,Jalandhar,24.65,101.79,57.33
2026-02-14,Karnal,17.2,0.0,89.0
2026-02-14,Kurukshetra,27.8,43.48,72.33
2026-02-14,Ludhiana,26.58,104.1,70.0
2026-02-14,Meerut,30.84,119.92,62.6
2026-02-14,Moga,23.45,25.97,53.5
2026-02-14,Muzaffarnagar,25.5,46.69,45.5
2026-02-14,Saharanpur,25.65,35.48,55.0
2026-02-14,Sirsa,32.75,41.4,69.0
2026-02-15,Agra,27.76,127.63,77.8
2026-02-15,Ambala,24.85,167.21,54.33
2026-02-15,Amritsar,30.15,51.5,78.5
2026-02-15,Bareilly,28.87,83.8,58.0
2026-02-15,Bathinda,22.5,148.9,58.33
2026-02-15,Fatehabad,19.2,18.7,81.0
2026-02-15,Ferozepur,28.83,31.2,47.5
2026-02-15,Hisar,32.7,45.7,
2026-02-15,Jalandhar,15.3,43.5,86.0
2026-02-15,Karnal,26.67,111.17,55.83
2026-02-15,Kurukshetra,15.5,28.3,84.0
2026-02-15,Ludhiana,21.52,116.9,66.6
2026-02-15,Meerut,30.52,109.82,52.75
2026-02-15,Moga,26.25,72.45,53.33
2026-02-15,Muzaffarnagar,25.07,66.38,44.33
2026-02-15,Patiala,31.47,24.48,60.5
2026-02-16,Ambala,35.57,97.86,72.0
2026-02-16,Amritsar,33.56,79.7,56.2
2026-02-16,Bareilly,22.45,4.0,77.5
2026-02-16,Bathinda,37.4,12.3,
2026-02-16,Fatehabad,26.3,51.2,49.67
2026-02-16,Karnal,20.9,53.71,34.0
2026-02-16,Kurukshetra,21.7,99.85,65.0
2026-02-16,Ludhiana,36.4,31.5,44.0
2026-02-16,Meerut,26.8,49.28,87.0
2026-02-16,Moga,24.57,113.49,76.0
2026-02-16,Muzaffarnagar,31.03,71.5,62.0
2026-02-16,Saharanpur,37.2,0.0,39.0
2026-02-16,Sirsa,20.27,37.6,55.67
2026-02-17,Agra,29.58,30.4,40.25
2026-02-17,Ambala,31.05,0.0,81.5
2026-02-17,Amritsar,31.6,0.0,85.0
2026-02-17,Bathinda,35.97,80.0,68.5
2026-02-17,Fatehabad,37.7,20.97,72.5
2026-02-17,Ferozepur,23.68,60.09,74.67
2026-02-17,Hisar,24.08,96.1,71.8
2026-02-17,Jalandhar,26.7,56.8,68.0
2026-02-17,Karnal,19.8,4.2,60.0
2026-02-17,Kurukshetra,32.15,152.43,55.8
2026-02-17,Ludhiana,27.84,113.8,71.5
2026-02-17,Meerut,21.1,66.4,66.5
2026-02-17,Moga,28.5,47.6,55.0
2026-02-17,Muzaffarnagar,15.8,32.3,58.0
2026-02-17,Patiala,23.0,53.48,43.0
2026-02-17,Saharanpur,26.72,43.14,51.4
2026-02-17,Sirsa,32.2,0.0,
2026-02-18,Agra,38.25,5.59,71.0
2026-02-18,Ambala,32.2,92.65,57.75
2026-02-18,Amritsar,39.8,23.5,95.0
2026-02-18,Bareilly,23.0,119.2,69.0
2026-02-18,Bathinda,30.43,36.3,60.0
2026-02-18,Fatehabad,27.23,135.24,73.67
2026-02-18,Ferozepur,29.0,65.3,65.0
2026-02-18,Hisar,23.35,32.8,52.0
2026-02-18,Jalandhar,24.87,187.37,59.5
2026-02-18,Karnal,20.05,62.11,81.0
2026-02-18,Kurukshetra,26.93,28.1,39.0
2026-02-18,Ludhiana,39.0,29.72,52.0
2026-02-18,Meerut,21.83,60.77,74.5
2026-02-18,Moga,24.3,22.8,49.33
2026-02-18,Patiala,27.5,8.5,
2026-02-18,Saharanpur,21.8,65.3,71.5
2026-02-18,Sirsa,16.3,47.2,55.0
2026-02-19,Agra,29.17,112.0,66.33
2026-02-19,Ambala,20.5,104.07,58.0
2026-02-19,Amritsar,28.02,96.7,61.5
2026-02-19,Bareilly,27.83,75.05,80.67
2026-02-19,Bathinda,26.95,70.25,66.5
2026-02-19,Fatehabad,27.22,100.56,54.6
2026-02-19,Ferozepur,31.0,18.6,87.0
2026-02-19,Hisar,28.8,53.18,88.5
2026-02-19,Jalandhar,34.9,46.1,49.0
2026-02-19,Karnal,25.52,118.38,70.0
2026-02-19,Kurukshetra,29.4,143.2,53.25
2026-02-19,Ludhiana,23.26,87.79,57.71
2026-02-19,Meerut,22.35,0.4,80.5
2026-02-19,Moga,30.95,42.17,58.5
2026-02-19,Muzaffarnagar,28.9,34.6,57.0
2026-02-19,Patiala,29.5,25.1,40.0
2026-02-19,Saharanpur,38.8,6.86,35.0
2026-02-19,Sirsa,36.1,35.6,68.0
2026-02-20,Ambala,26.25,60.2,85.5
2026-02-20,Amritsar,27.67,100.74,54.6
2026-02-20,Bareilly,27.6,91.59,64.33
2026-02-20,Bathinda,27.54,158.11,70.75
2026-02-20,Fatehabad,19.4,12.5,45.0
2026-02-20,Ferozepur,17.9,49.9,72.0
2026-02-20,Hisar,21.67,97.15,52.33
2026-02-20,Jalandhar,27.48,114.67,78.0
2026-02-20,Karnal,24.8,5.08,90.0
2026-02-20,Kurukshetra,26.23,12.2,48.5
2026-02-20,Ludhiana,26.0,81.03,63.25
2026-02-20,Meerut,22.4,7.0,67.67
2026-02-20,Moga,24.42,108.4,69.0
2026-02-20,Muzaffarnagar,24.1,1.52,61.0
2026-02-20,Patiala,24.0,0.8,62.0
2026-02-20,Saharanpur,19.97,69.93,55.5
2026-02-20,Sirsa,24.6,42.93,42.0
2026-02-21,Agra,24.9,37.4,34.0
2026-02-21,Ambala,30.34,73.66,55.0
2026-02-21,Amritsar,29.8,104.0,47.0
2026-02-21,Bareilly,28.5,76.2,93.0
2026-02-21,Bathinda,26.4,19.2,74.5
2026-02-21,Fatehabad,26.34,34.6,71.6
2026-02-21,Ferozepur,25.7,48.9,84.0
2026-02-21,Hisar,23.65,28.51,57.0
2026-02-21,Jalandhar,26.12,55.24,71.5
2026-02-21,Karnal,26.7,105.6,59.67
2026-02-21,Kurukshetra,37.1,77.48,73.0
2026-02-21,Ludhiana,39.0,41.8,
2026-02-21,Moga,30.95,85.5,82.25
2026-02-21,Muzaffarnagar,26.5,145.8,79.2
2026-02-21,Patiala,29.25,77.82,48.75
2026-02-21,Saharanpur,26.37,98.79,58.5
2026-02-21,Sirsa,30.16,115.68,68.0
2026-02-22,Agra,15.7,16.0,84.0
2026-02-22,Ambala,21.0,123.7,50.33
2026-02-22,Amritsar,18.5,61.41,71.33
2026-02-22,Bareilly,17.7,34.8,
2026-02-22,Bathinda,30.2,132.38,79.2
2026-02-22,Fatehabad,30.9,45.3,73.0
2026-02-22,Ferozepur,16.95,36.7,72.0
2026-02-22,Hisar,26.2,101.54,78.0
2026-02-22,Jalandhar,27.33,26.28,62.0
2026-02-22,Karnal,24.15,58.01,59.33
2026-02-22,Kurukshetra,31.7,69.3,78.0
2026-02-22,Ludhiana,33.47,36.3,54.5
2026-02-22,Meerut,25.88,93.18,70.0
2026-02-22,Moga,30.1,89.6,80.0
2026-02-22,Muzaffarnagar,27.1,69.51,69.0
2026-02-22,Patiala,21.25,18.1,70.5
2026-02-22,Saharanpur,17.9,38.1,69.0
2026-02-22,Sirsa,27.4,30.2,56.0
2026-02-23,Agra,26.2,69.3,55.2
2026-02-23,Ambala,23.55,43.9,51.5
2026-02-23,Amritsar,34.1,22.5,81.0
2026-02-23,Bareilly,23.9,132.39,51.0
2026-02-23,Bathinda,36.85,20.72,55.0
2026-02-23,Fatehabad,28.75,60.7,81.5
2026-02-23,Ferozepur,24.34,134.79,45.75
2026-02-23,Hisar,28.5,12.6,45.0
2026-02-23,Jalandhar,27.22,75.0,85.33
2026-02-23,Karnal,30.12,85.15,73.5
2026-02-23,Kurukshetra,30.33,24.5,63.67
2026-02-23,Ludhiana,23.95,41.5,48.0
2026-02-23,Meerut,23.1,17.2,95.0
2026-02-23,Moga,27.58,151.75,74.25
2026-02-23,Muzaffarnagar,32.5,14.7,68.5
2026-02-23,Patiala,34.3,44.7,65.0
2026-02-23,Sirsa,26.12,75.0,54.67
2026-02-24,Agra,24.37,172.78,67.33
2026-02-24,Ambala,19.67,25.22,58.5
2026-02-24,Amritsar,32.25,45.72,77.5
2026-02-24,Bareilly,30.7,110.44,71.0
2026-02-24,Bathinda,32.58,86.09,83.5
2026-02-24,Fatehabad,29.59,77.78,66.67
2026-02-24,Ferozepur,28.8,31.31,63.5
2026-02-24,Hisar,23.5,17.3,47.0
2026-02-24,Jalandhar,35.22,131.5,67.33
2026-02-24,Karnal,29.57,59.0,83.0
2026-02-24,Kurukshetra,22.26,58.8,73.0
2026-02-24,Ludhiana,29.05,139.0,63.0
2026-02-24,Meerut,27.4,20.1,39.0
2026-02-24,Moga,21.6,42.7,72.67
2026-02-24,Muzaffarnagar,34.7,29.6,49.5
2026-02-24,Saharanpur,20.8,100.4,65.0
2026-02-24,Sirsa,27.4,66.92,75.0
2026-02-25,Agra,30.95,12.1,81.0
2026-02-25,Ambala,29.1,41.84,59.67
2026-02-25,Amritsar,28.7,91.73,58.5
2026-02-25,Bareilly,28.75,34.0,58.33
2026-02-25,Bathinda,35.9,3.1,64.0
2026-02-25,Fatehabad,37.5,45.4,42.0
2026-02-25,Ferozepur,20.1,51.38,57.0
2026-02-25,Hisar,15.5,9.65,31.0
2026-02-25,Jalandhar,28.4,98.48,55.0
2026-02-25,Karnal,26.8,0.0,76.5
2026-02-25,Kurukshetra,35.3,12.0,55.5
2026-02-25,Ludhiana,30.1,14.8,73.67
2026-02-25,Meerut,36.85,123.3,80.5
2026-02-25,Moga,27.28,62.66,65.25
2026-02-25,Muzaffarnagar,25.15,52.34,77.0
2026-02-25,Patiala,36.65,46.9,54.0
2026-02-25,Saharanpur,28.4,6.1,81.0
2026-02-25,Sirsa,29.5,39.62,68.33
2026-02-26,Amritsar,30.87,50.9,81.33
2026-02-26,Bareilly,22.2,110.4,68.5
2026-02-26,Bathinda,30.5,36.0,91.0
2026-02-26,Fatehabad,37.0,33.4,73.0
2026-02-26,Ferozepur,30.9,84.7,34.0
2026-02-26,Hisar,27.24,102.51,64.4
2026-02-26,Jalandhar,24.32,162.09,56.5
2026-02-26,Karnal,36.43,53.77,62.67
2026-02-26,Kurukshetra,34.15,52.67,
2026-02-26,Ludhiana,28.9,86.0,40.67
2026-02-26,Meerut,26.1,199.29,77.33
2026-02-26,Moga,30.31,125.84,66.43
2026-02-26,Muzaffarnagar,35.1,38.1,86.0
2026-02-26,Patiala,27.3,48.7,49.0
2026-02-26,Saharanpur,23.0,35.71,55.33
2026-02-26,Sirsa,26.57,28.8,54.67
2026-02-27,Agra,24.22,139.32,60.75
2026-02-27,Ambala,27.5,61.0,67.0
2026-02-27,Amritsar,22.55,113.06,74.5
2026-02-27,Bareilly,28.35,56.12,64.0
2026-02-27,Bathinda,28.02,91.6,80.0
2026-02-27,Fatehabad,24.35,103.6,64.0
2026-02-27,Ferozepur,24.95,35.35,62.5
2026-02-27,Hisar,22.98,68.49,59.25
2026-02-27,Jalandhar,25.67,102.09,67.5
2026-02-27,Karnal,29.7,97.73,76.25
2026-02-27,Kurukshetra,35.58,41.59,61.6
2026-02-27,Ludhiana,22.42,169.25,60.0
2026-02-27,Meerut,25.0,63.96,63.0
2026-02-27,Moga,29.52,107.32,59.4
2026-02-27,Muzaffarnagar,21.95,34.13,90.0
2026-02-27,Patiala,28.1,68.07,56.0
2026-02-27,Saharanpur,30.45,41.6,70.0
2026-02-27,Sirsa,24.3,15.3,59.0
2026-02-28,Agra,33.43,24.4,31.0
2026-02-28,Ambala,21.28,104.4,67.75
2026-02-28,Amritsar,26.66,212.72,67.38
2026-02-28,Bareilly,26.78,140.26,55.25
2026-02-28,Bathinda,27.25,44.2,68.5
2026-02-28,Fatehabad,17.5,19.7,57.0
2026-02-28,Ferozepur,25.5,164.2,73.0
2026-02-28,Hisar,25.55,64.4,48.0
2026-02-28,Jalandhar,25.26,110.55,53.0
2026-02-28,Kurukshetra,22.0,121.1,52.75
2026-02-28,Ludhiana,29.46,97.5,46.25
2026-02-28,Meerut,29.28,100.49,71.0
2026-02-28,Muzaffarnagar,39.7,8.38,40.0
2026-02-28,Patiala,23.67,23.29,77.67
2026-02-28,Saharanpur,25.67,90.02,77.0
2026-02-28,Sirsa,27.27,50.7,40.33
2026-03-01,Agra,26.9,59.97,46.0
2026-03-01,Ambala,23.2,80.28,85.5
2026-03-01,Amritsar,22.1,114.4,54.8
2026-03-01,Bareilly,29.16,219.08,72.22
2026-03-01,Bathinda,28.13,92.29,80.5
2026-03-01,Fatehabad,29.77,145.71,54.57
2026-03-01,Ferozepur,25.42,45.36,52.4
2026-03-01,Hisar,29.3,30.7,56.0
2026-03-01,Jalandhar,31.46,49.24,47.8
2026-03-01,Kurukshetra,28.9,14.9,72.5
2026-03-01,Ludhiana,30.75,10.5,56.0
2026-03-01,Meerut,21.18,88.1,61.0
2026-03-01,Moga,30.3,5.59,77.0
2026-03-01,Muzaffarnagar,31.7,61.5,47.5
2026-03-01,Patiala,27.37,112.54,63.0
2026-03-01,Saharanpur,25.5,92.8,44.0
2026-03-01,Sirsa,26.22,80.29,65.0
2026-03-02,Agra,27.1,75.2,61.0
2026-03-02,Ambala,27.42,93.2,59.4
2026-03-02,Amritsar,28.75,62.6,50.5
2026-03-02,Bareilly,33.27,169.07,77.2
2026-03-02,Bathinda,21.97,78.48,78.33
2026-03-02,Fatehabad,18.75,1.6,72.5
2026-03-02,Ferozepur,35.7,35.0,76.0
2026-03-02,Hisar,34.7,73.9,52.33
2026-03-02,Jalandhar,30.25,123.27,68.75
2026-03-02,Karnal,29.35,70.75,46.75
2026-03-02,Kurukshetra,23.55,56.3,78.0
2026-03-02,Ludhiana,25.72,112.89,55.6
2026-03-02,Moga,27.53,139.07,69.43
2026-03-02,Muzaffarnagar,24.1,20.62,66.5
2026-03-02,Patiala,24.05,72.58,73.5
2026-03-02,Saharanpur,29.9,107.98,39.5
2026-03-02,Sirsa,38.0,0.0,88.0
2026-03-03,Agra,27.0,100.5,52.0
2026-03-03,Ambala,28.83,75.3,56.0
2026-03-03,Amritsar,29.85,50.11,69.5
2026-03-03,Bareilly,33.47,84.89,69.0
2026-03-03,Bathinda,25.2,47.95,83.0
2026-03-03,Fatehabad,29.1,143.02,53.2
2026-03-03,Ferozepur,31.03,38.86,63.0
2026-03-03,Hisar,28.55,47.51,51.5
2026-03-03,Jalandhar,25.2,45.9,58.0
2026-03-03,Karnal,19.8,43.58,62.0
2026-03-03,Kurukshetra,27.57,12.9,44.5
2026-03-03,Ludhiana,23.3,34.03,35.0
2026-03-03,Meerut,24.23,80.22,87.0
2026-03-03,Moga,36.4,45.97,46.0
2026-03-03,Muzaffarnagar,35.7,21.2,82.0
2026-03-03,Saharanpur,24.4,11.4,
2026-03-03,Sirsa,32.08,109.62,60.75
2026-03-04,Agra,24.6,73.2,51.67
2026-03-04,Ambala,22.03,0.0,79.33
2026-03-04,Amritsar,25.75,29.12,75.0
2026-03-04,Bareilly,21.1,11.6,58.0
2026-03-04,Bathinda,30.42,105.4,55.67
2026-03-04,Fatehabad,27.63,3.2,57.33
2026-03-04,Ferozepur,29.8,49.4,47.0
2026-03-04,Hisar,24.43,76.5,41.5
2026-03-04,Jalandhar,15.3,25.9,59.0
2026-03-04,Karnal,22.25,18.34,69.0
2026-03-04,Kurukshetra,23.82,100.9,58.0
2026-03-04,Ludhiana,35.52,48.33,69.75
2026-03-04,Meerut,21.7,69.29,57.0
2026-03-04,Moga,24.78,145.3,42.25
2026-03-04,Muzaffarnagar,26.1,58.65,42.5
2026-03-04,Saharanpur,37.8,26.2,68.0
2026-03-04,Sirsa,21.13,51.82,43.67
2026-03-05,Agra,23.28,163.58,65.86
2026-03-05,Ambala,24.0,89.97,71.0
2026-03-05,Amritsar,23.25,30.99,68.0
2026-03-05,Bareilly,37.2,0.0,72.0
2026-03-05,Bathinda,28.87,112.15,71.67
2026-03-05,Fatehabad,28.62,155.56,60.0
2026-03-05,Ferozepur,22.25,71.1,47.5
2026-03-05,Hisar,22.5,34.8,78.0
2026-03-05,Jalandhar,27.02,157.52,55.5
2026-03-05,Karnal,27.88,140.22,62.17
2026-03-05,Kurukshetra,30.8,52.3,86.0
2026-03-05,Ludhiana,25.6,49.9,84.0
2026-03-05,Meerut,29.7,121.53,76.33
2026-03-05,Moga,31.1,83.57,66.4
2026-03-05,Muzaffarnagar,31.2,23.91,51.5
2026-03-05,Patiala,32.73,45.2,81.0
2026-03-05,Sirsa,30.45,26.67,58.5
2026-03-06,Agra,25.05,51.7,61.5
2026-03-06,Ambala,21.8,35.8,50.0
2026-03-06,Bareilly,38.5,10.92,82.0
2026-03-06,Bathinda,30.25,9.3,75.0
2026-03-06,Fatehabad,20.55,45.21,47.0
2026-03-06,Ferozepur,39.2,0.0,37.0
2026-03-06,Hisar,28.38,111.46,63.4
2026-03-06,Jalandhar,26.88,84.4,56.0
2026-03-06,Karnal,29.7,39.77,31.67
2026-03-06,Kurukshetra,30.22,26.73,54.5
2026-03-06,Ludhiana,30.33,57.2,70.0
2026-03-06,Meerut,31.36,97.91,59.75
2026-03-06,Moga,27.02,63.64,74.67
2026-03-06,Muzaffarnagar,28.1,81.7,75.5
2026-03-06,Patiala,23.1,74.5,53.0
2026-03-06,Saharanpur,18.9,31.24,94.0
2026-03-07,Agra,36.4,48.01,45.0
2026-03-07,Ambala,30.0,84.59,63.4
2026-03-07,Amritsar,24.36,70.9,65.6
2026-03-07,Bareilly,24.52,80.17,47.25
2026-03-07,Bathinda,26.2,84.3,62.0
2026-03-07,Ferozepur,28.34,99.12,55.6
2026-03-07,Hisar,26.15,124.8,47.0
2026-03-07,Jalandhar,37.7,36.8,89.67
2026-03-07,Karnal,29.1,46.3,57.0
2026-03-07,Kurukshetra,30.83,60.03,77.0
2026-03-07,Ludhiana,32.57,22.07,44.0
2026-03-07,Meerut,28.22,158.29,58.38
2026-03-07,Moga,22.35,52.4,69.0
2026-03-07,Muzaffarnagar,28.7,30.15,45.4
2026-03-07,Patiala,35.7,78.5,70.5
2026-03-07,Saharanpur,32.05,55.61,78.0
2026-03-07,Sirsa,22.55,21.2,61.0
2026-03-08,Agra,24.6,96.8,58.33
2026-03-08,Ambala,26.05,50.3,69.0
2026-03-08,Amritsar,23.0,21.5,44.0
2026-03-08,Bareilly,33.53,102.49,65.33
2026-03-08,Bathinda,25.65,69.42,60.83
2026-03-08,Fatehabad,25.1,68.58,47.0
2026-03-08,Ferozepur,19.95,7.4,90.5
2026-03-08,Hisar,34.2,28.5,42.0
2026-03-08,Jalandhar,23.3,51.25,64.67
2026-03-08,Karnal,21.92,42.4,66.67
2026-03-08,Kurukshetra,26.07,104.72,74.0
2026-03-08,Ludhiana,22.18,103.1,58.0
2026-03-08,Meerut,28.16,152.4,69.5
2026-03-08,Moga,28.9,45.3,56.67
2026-03-08,Muzaffarnagar,24.38,67.47,58.0
2026-03-08,Patiala,28.0,52.89,64.67
2026-03-08,Saharanpur,26.2,47.4,77.0
2026-03-08,Sirsa,30.75,19.6,39.0
2026-03-09,Agra,20.95,22.1,55.5
2026-03-09,Ambala,28.75,9.8,40.5
2026-03-09,Amritsar,20.65,58.64,82.5
2026-03-09,Bareilly,28.13,79.9,63.33
2026-03-09,Bathinda,30.38,130.5,57.67
2026-03-09,Fatehabad,27.35,151.02,63.33
2026-03-09,Hisar,32.95,125.53,61.25
2026-03-09,Jalandhar,22.1,34.08,56.0
2026-03-09,Karnal,30.25,7.0,52.5
2026-03-09,Kurukshetra,31.38,100.13,45.0
2026-03-09,Ludhiana,34.7,19.7,69.0
2026-03-09,Meerut,35.23,114.86,48.33
2026-03-09,Moga,26.4,49.1,63.0
2026-03-09,Muzaffarnagar,30.7,0.0,63.0
2026-03-09,Patiala,34.8,8.1,81.0
2026-03-09,Saharanpur,27.9,23.1,34.0
2026-03-09,Sirsa,22.35,41.5,73.5
2026-03-10,Agra,29.6,93.3,55.75
2026-03-10,Ambala,30.77,63.65,82.0
2026-03-10,Amritsar,23.56,63.5,68.0
2026-03-10,Bareilly,31.8,38.1,
2026-03-10,Bathinda,21.5,9.5,61.0
2026-03-10,Ferozepur,24.2,81.21,57.25
2026-03-10,Hisar,26.57,42.0,67.33
2026-03-10,Jalandhar,24.1,81.2,73.0
2026-03-10,Karnal,28.7,102.71,62.0
2026-03-10,Kurukshetra,29.0,77.08,77.4
2026-03-10,Ludhiana,34.27,44.2,39.67
2026-03-10,Meerut,29.55,41.5,64.0
2026-03-10,Moga,20.93,69.94,56.0
2026-03-10,Saharanpur,34.53,58.44,67.67
2026-03-10,Sirsa,32.35,58.7,
2026-03-11,Agra,28.32,54.02,77.0
2026-03-11,Ambala,24.35,68.58,51.0
2026-03-11,Amritsar,29.33,120.8,68.25
2026-03-11,Bareilly,37.4,72.8,67.0
2026-03-11,Bathinda,26.73,16.4,49.67
2026-03-11,Fatehabad,34.4,39.38,48.5
2026-03-11,Ferozepur,26.1,170.02,79.6
2026-03-11,Hisar,24.63,89.26,50.67
2026-03-11,Jalandhar,33.65,74.9,56.5
2026-03-11,Karnal,29.3,81.96,58.33
2026-03-11,Kurukshetra,31.07,39.37,62.5
2026-03-11,Ludhiana,23.5,65.0,49.33
2026-03-11,Meerut,29.65,53.25,60.0
2026-03-11,Moga,26.02,105.81,69.4
2026-03-11,Muzaffarnagar,28.0,153.18,62.8
2026-03-11,Saharanpur,22.6,80.08,59.0
2026-03-11,Sirsa,35.7,0.0,75.0
2026-03-12,Agra,39.4,34.8,
2026-03-12,Ambala,22.28,128.04,48.0
2026-03-12,Amritsar,24.1,26.92,70.5
2026-03-12,Bareilly,27.83,26.94,57.0
2026-03-12,Bathinda,28.8,154.73,46.17
2026-03-12,Fatehabad,31.57,45.46,47.5
2026-03-12,Ferozepur,26.67,23.4,60.33
2026-03-12,Hisar,27.95,65.45,58.25
2026-03-12,Jalandhar,19.03,96.4,61.0
2026-03-12,Karnal,24.5,37.4,58.0
2026-03-12,Kurukshetra,24.3,98.48,73.75
2026-03-12,Ludhiana,18.1,45.3,57.0
2026-03-12,Meerut,26.43,146.15,70.33
2026-03-12,Moga,29.05,53.88,63.0
2026-03-12,Muzaffarnagar,28.2,0.0,39.0
2026-03-12,Patiala,27.47,187.85,61.71
2026-03-12,Saharanpur,37.6,5.1,65.0
2026-03-12,Sirsa,35.65,90.01,74.5
2026-03-13,Agra,28.1,54.4,67.0
2026-03-13,Ambala,29.14,97.3,74.33
2026-03-13,Amritsar,30.37,45.0,47.67
2026-03-13,Bareilly,26.1,116.45,68.14
2026-03-13,Bathinda,23.23,33.27,53.67
2026-03-13,Fatehabad,29.57,8.4,51.0
2026-03-13,Ferozepur,34.2,48.2,52.5
2026-03-13,Hisar,30.57,61.01,61.0
2026-03-13,Jalandhar,26.62,130.08,73.8
2026-03-13,Karnal,34.57,10.31,64.33
2026-03-13,Moga,28.74,193.0,51.12
2026-03-13,Patiala,38.8,30.48,42.0
2026-03-13,Saharanpur,28.3,0.0,82.0
2026-03-13,Sirsa,19.8,30.5,30.0
2026-03-14,Agra,26.55,73.9,88.0
2026-03-14,Ambala,26.3,5.1,94.0
2026-03-14,Amritsar,35.7,40.8,41.0
2026-03-14,Bareilly,35.0,23.8,43.0
2026-03-14,Bathinda,25.4,46.65,47.0
2026-03-14,Fatehabad,23.5,74.4,79.0
2026-03-14,Ferozepur,29.83,65.5,67.0
2026-03-14,Hisar,24.93,85.77,63.0
2026-03-14,Jalandhar,30.53,41.3,74.33
2026-03-14,Karnal,33.6,63.7,59.0
2026-03-14,Kurukshetra,24.82,124.57,41.0
2026-03-14,Ludhiana,36.8,32.77,
2026-03-14,Meerut,31.5,90.29,50.33
2026-03-14,Moga,29.5,50.73,49.33
2026-03-14,Muzaffarnagar,34.0,34.4,82.0
2026-03-14,Patiala,21.25,30.15,69.5
2026-03-14,Saharanpur,21.7,5.5,76.0
2026-03-14,Sirsa,35.4,32.9,75.0
2026-03-15,Agra,28.1,72.01,39.0
2026-03-15,Ambala,24.9,50.2,59.5
2026-03-15,Amritsar,22.33,14.8,53.33
2026-03-15,Bareilly,24.73,126.88,60.67
2026-03-15,Bathinda,24.64,83.77,76.0
2026-03-15,Fatehabad,27.12,53.5,54.25
2026-03-15,Ferozepur,28.0,35.81,81.0
2026-03-15,Hisar,23.47,127.62,64.57
2026-03-15,Jalandhar,27.88,131.62,52.5
2026-03-15,Karnal,28.7,59.84,65.0
2026-03-15,Kurukshetra,20.87,67.9,45.33
2026-03-15,Ludhiana,24.4,117.91,69.75
2026-03-15,Meerut,33.8,43.2,90.0
2026-03-15,Moga,27.35,48.3,79.5
2026-03-15,Muzaffarnagar,20.1,35.05,82.67
2026-03-15,Patiala,34.3,17.8,45.0
2026-03-15,Saharanpur,31.2,47.7,69.0
2026-03-15,Sirsa,18.3,20.5,57.0
2026-03-16,Agra,22.45,18.03,46.5
2026-03-16,Ambala,28.8,97.12,64.5
2026-03-16,Amritsar,26.6,42.63,93.0
2026-03-16,Bareilly,25.2,45.5,76.5
2026-03-16,Bathinda,27.5,136.87,61.0
2026-03-16,Fatehabad,23.52,134.31,58.4
2026-03-16,Ferozepur,31.1,41.2,81.0
2026-03-16,Hisar,31.17,38.1,63.67
2026-03-16,Jalandhar,21.25,57.0,40.5
2026-03-16,Karnal,26.55,0.0,71.0
2026-03-16,Kurukshetra,28.97,104.38,56.0
2026-03-16,Ludhiana,31.3,0.0,67.0
2026-03-16,Meerut,30.93,117.01,65.4
2026-03-16,Moga,26.87,116.62,62.0
2026-03-16,Patiala,25.4,29.21,58.0
2026-03-16,Saharanpur,23.3,2.5,31.0
2026-03-16,Sirsa,30.7,0.0,56.0
2026-03-17,Agra,37.23,96.5,44.5
2026-03-17,Ambala,27.57,138.15,71.6
2026-03-17,Amritsar,25.32,104.44,57.33
2026-03-17,Bareilly,26.97,87.66,63.6
2026-03-17,Bathinda,24.1,88.3,60.33
2026-03-17,Fatehabad,21.87,78.69,81.0
2026-03-17,Ferozepur,18.9,9.4,42.0
2026-03-17,Hisar,32.6,2.7,92.0
2026-03-17,Jalandhar,27.22,58.96,52.0
2026-03-17,Karnal,26.67,119.2,66.33
2026-03-17,Kurukshetra,24.9,2.29,
2026-03-17,Ludhiana,19.8,88.9,52.33
2026-03-17,Meerut,27.35,0.0,57.5
2026-03-17,Moga,33.13,17.93,60.67
2026-03-17,Muzaffarnagar,30.97,89.76,57.0
2026-03-17,Patiala,29.85,111.13,57.0
2026-03-17,Saharanpur,21.8,28.9,47.0
2026-03-17,Sirsa,25.6,27.2,80.0
2026-03-18,Agra,23.6,101.1,74.75
2026-03-18,Ambala,32.7,115.12,59.0
2026-03-18,Amritsar,21.76,35.93,70.33
2026-03-18,Bareilly,28.97,81.0,84.67
2026-03-18,Bathinda,23.8,24.5,67.0
2026-03-18,Fatehabad,26.88,86.01,61.75
2026-03-18,Ferozepur,23.0,0.0,33.0
2026-03-18,Hisar,35.8,14.22,71.0
2026-03-18,Jalandhar,18.8,44.1,46.0
2026-03-18,Karnal,16.7,46.6,37.0
2026-03-18,Kurukshetra,22.15,30.2,80.5
2026-03-18,Ludhiana,30.1,117.0,63.33
2026-03-18,Meerut,35.07,61.6,59.0
2026-03-18,Moga,26.74,110.3,77.25
2026-03-18,Patiala,18.3,25.7,30.0
2026-03-18,Saharanpur,36.0,1.2,75.0
2026-03-18,Sirsa,22.5,109.68,83.0
2026-03-19,Agra,29.12,100.0,69.33
2026-03-19,Ambala,25.37,105.3,71.33
2026-03-19,Amritsar,25.8,44.2,61.5
2026-03-19,Bareilly,21.3,20.0,90.0
2026-03-19,Bathinda,27.24,138.0,70.2
2026-03-19,Fatehabad,22.38,74.1,66.5
2026-03-19,Ferozepur,19.03,41.24,66.33
2026-03-19,Hisar,27.66,57.6,67.0
2026-03-19,Jalandhar,29.67,77.9,81.0
2026-03-19,Karnal,27.07,74.8,64.67
2026-03-19,Kurukshetra,35.43,107.24,53.33
2026-03-19,Ludhiana,31.22,191.78,43.4
2026-03-19,Meerut,33.1,13.3,73.0
2026-03-19,Moga,38.9,22.35,68.0
2026-03-19,Muzaffarnagar,15.5,36.5,95.0
2026-03-19,Patiala,16.9,0.0,50.0
2026-03-19,Saharanpur,31.3,0.0,52.0
2026-03-19,Sirsa,32.65,28.2,45.5
2026-03-20,Agra,21.0,35.1,78.0
2026-03-20,Ambala,27.13,118.17,59.0
2026-03-20,Amritsar,21.53,130.63,73.17
2026-03-20,Bareilly,32.33,43.0,68.67
2026-03-20,Bathinda,28.65,55.07,72.67
2026-03-20,Fatehabad,28.95,55.13,64.5
2026-03-20,Ferozepur,37.7,29.55,83.5
2026-03-20,Hisar,31.08,76.58,53.5
2026-03-20,Jalandhar,22.55,60.09,53.5
2026-03-20,Karnal,30.35,148.8,45.2
2026-03-20,Kurukshetra,19.3,6.35,60.0
2026-03-20,Ludhiana,32.26,143.56,49.43
2026-03-20,Meerut,29.2,64.21,84.0
2026-03-20,Moga,17.95,6.3,45.0
2026-03-20,Muzaffarnagar,35.6,43.2,50.0
2026-03-20,Patiala,22.45,38.7,42.5
2026-03-20,Saharanpur,39.9,26.4,30.0
2026-03-20,Sirsa,28.0,45.19,54.5
2026-03-21,Agra,26.0,39.4,59.0
2026-03-21,Ambala,38.2,0.0,48.0
2026-03-21,Amritsar,27.15,23.9,51.5
2026-03-21,Bareilly,32.45,43.0,65.0
2026-03-21,Bathinda,36.93,1.02,69.5
2026-03-21,Fatehabad,23.03,70.0,61.5
2026-03-21,Ferozepur,22.25,86.27,48.5
2026-03-21,Hisar,32.42,82.2,51.75
2026-03-21,Jalandhar,23.4,30.48,37.0
2026-03-21,Karnal,34.7,6.1,85.0
2026-03-21,Ludhiana,37.8,0.0,62.0
2026-03-21,Meerut,38.6,2.2,
2026-03-21,Moga,25.2,41.5,59.0
2026-03-21,Patiala,36.07,0.4,41.5
2026-03-21,Saharanpur,30.45,88.35,53.5
2026-03-21,Sirsa,29.55,114.85,60.75
2026-03-22,Agra,27.43,43.7,81.5
2026-03-22,Ambala,25.08,54.72,62.33
2026-03-22,Amritsar,37.65,81.4,56.0
2026-03-22,Bareilly,26.5,43.1,60.5
2026-03-22,Bathinda,26.22,111.4,73.25
2026-03-22,Fatehabad,26.0,115.25,55.83
2026-03-22,Ferozepur,31.4,74.63,81.0
2026-03-22,Hisar,32.65,74.17,49.5
2026-03-22,Jalandhar,27.35,52.2,85.5
2026-03-22,Karnal,36.9,5.4,66.0
2026-03-22,Kurukshetra,24.9,13.7,49.0
2026-03-22,Ludhiana,19.4,0.0,
2026-03-22,Meerut,25.0,154.7,72.4
2026-03-22,Moga,17.6,26.6,70.0
2026-03-22,Muzaffarnagar,31.87,55.85,48.33
2026-03-22,Patiala,18.8,45.97,35.0
2026-03-22,Saharanpur,34.1,36.6,54.0
2026-03-22,Sirsa,19.2,19.76,60.5
2026-03-23,Agra,23.73,64.11,79.33
2026-03-23,Ambala,34.57,77.8,63.33
2026-03-23,Amritsar,36.6,90.93,51.67
2026-03-23,Bareilly,25.43,4.3,92.67
2026-03-23,Bathinda,32.1,79.9,64.33
2026-03-23,Fatehabad,22.2,0.1,45.0
2026-03-23,Ferozepur,29.78,28.96,58.5
2026-03-23,Hisar,24.45,64.9,72.0
2026-03-23,Jalandhar,28.0,16.0,60.0
2026-03-23,Karnal,26.58,55.67,76.33
2026-03-23,Kurukshetra,20.67,41.75,31.0
2026-03-23,Ludhiana,20.8,0.0,72.0
2026-03-23,Meerut,25.2,95.69,60.33
2026-03-23,Moga,26.28,140.5,66.2
2026-03-23,Muzaffarnagar,25.85,18.8,72.5
2026-03-23,Patiala,16.8,0.0,
2026-03-23,Saharanpur,24.0,62.14,63.5
2026-03-23,Sirsa,26.6,15.5,61.0
2026-03-24,Agra,35.05,113.7,83.67
2026-03-24,Ambala,27.45,62.55,64.33
2026-03-24,Amritsar,23.08,63.44,68.0
2026-03-24,Bareilly,29.4,99.83,57.25
2026-03-24,Bathinda,30.62,68.1,70.0
2026-03-24,Fatehabad,25.35,88.0,60.0
2026-03-24,Ferozepur,29.2,84.7,76.0
2026-03-24,Hisar,32.13,98.22,49.0
2026-03-24,Jalandhar,25.75,29.68,44.5
2026-03-24,Karnal,24.63,41.38,72.0
2026-03-24,Kurukshetra,17.3,3.4,41.0
2026-03-24,Ludhiana,27.1,159.62,68.0
2026-03-24,Meerut,24.67,95.0,64.5
2026-03-24,Muzaffarnagar,20.9,45.4,38.0
2026-03-24,Patiala,19.05,46.6,53.0
2026-03-24,Saharanpur,31.8,39.5,46.0
2026-03-24,Sirsa,26.55,34.8,53.5
2026-03-25,Agra,28.9,2.3,52.0
2026-03-25,Ambala,21.34,115.49,61.6
2026-03-25,Amritsar,26.87,108.23,67.33
2026-03-25,Bareilly,31.3,159.62,72.25
2026-03-25,Bathinda,24.9,81.54,73.5
2026-03-25,Fatehabad,33.9,93.6,61.67
2026-03-25,Ferozepur,28.45,106.79,74.33
2026-03-25,Hisar,26.53,107.9,62.33
2026-03-25,Jalandhar,35.8,30.6,62.0
2026-03-25,Karnal,35.0,0.0,51.0
2026-03-25,Kurukshetra,27.36,162.09,64.0
2026-03-25,Ludhiana,33.0,37.7,32.0
2026-03-25,Meerut,33.25,75.62,37.0
2026-03-25,Moga,18.7,39.9,74.0
2026-03-25,Muzaffarnagar,30.75,32.55,54.5
2026-03-25,Patiala,17.2,44.29,53.0
2026-03-25,Sirsa,26.7,97.2,70.0
2026-03-26,Agra,24.7,145.7,42.2
2026-03-26,Ambala,23.23,4.57,52.0
2026-03-26,Amritsar,28.93,69.99,77.67
2026-03-26,Bareilly,34.1,0.0,38.0
2026-03-26,Bathinda,21.83,38.19,57.0
2026-03-26,Fatehabad,34.9,47.4,51.0
2026-03-26,Ferozepur,31.4,46.8,72.0
2026-03-26,Hisar,30.77,56.8,50.0
2026-03-26,Jalandhar,22.5,21.1,77.0
2026-03-26,Karnal,29.4,143.76,68.2
2026-03-26,Kurukshetra,29.02,183.64,58.62
2026-03-26,Ludhiana,28.42,113.0,64.25
2026-03-26,Meerut,29.34,114.3,55.0
2026-03-26,Moga,28.1,39.5,53.67
2026-03-26,Saharanpur,17.05,26.26,82.0
2026-03-26,Sirsa,29.4,68.5,77.0
2026-03-27,Agra,28.45,63.1,64.5
2026-03-27,Ambala,33.33,11.1,79.5
2026-03-27,Amritsar,30.7,27.1,34.0
2026-03-27,Bareilly,22.42,78.12,77.0
2026-03-27,Bathinda,23.05,42.9,55.0
2026-03-27,Fatehabad,31.3,169.22,50.67
2026-03-27,Ferozepur,26.42,66.4,56.8
2026-03-27,Hisar,32.43,61.2,62.33
2026-03-27,Jalandhar,21.5,91.49,61.0
2026-03-27,Karnal,30.75,52.0,56.0
2026-03-27,Kurukshetra,25.8,85.91,76.33
2026-03-27,Ludhiana,29.88,98.64,67.75
2026-03-27,Meerut,30.75,95.1,56.0
2026-03-27,Moga,24.7,119.78,62.25
2026-03-27,Muzaffarnagar,21.5,37.1,53.0
2026-03-27,Patiala,27.85,42.11,71.0
2026-03-27,Saharanpur,17.4,34.2,73.0
2026-03-27,Sirsa,29.4,95.4,71.33
2026-03-28,Agra,27.16,156.1,65.6
2026-03-28,Ambala,25.22,125.12,61.67
2026-03-28,Amritsar,26.85,76.72,67.25
2026-03-28,Bareilly,33.45,71.29,40.0
2026-03-28,Bathinda,25.27,66.26,62.8
2026-03-28,Fatehabad,25.9,27.9,
2026-03-28,Ferozepur,25.2,158.73,77.25
2026-03-28,Hisar,33.8,30.48,88.0
2026-03-28,Jalandhar,26.46,70.48,64.75
2026-03-28,Karnal,17.9,17.2,50.0
2026-03-28,Kurukshetra,35.58,65.61,56.75
2026-03-28,Ludhiana,25.97,34.58,80.67
2026-03-28,Meerut,26.5,51.82,56.5
2026-03-28,Moga,29.61,168.2,76.0
2026-03-28,Muzaffarnagar,26.45,11.3,61.5
2026-03-28,Patiala,36.85,47.92,45.5
2026-03-28,Saharanpur,28.37,87.31,52.0
2026-03-28,Sirsa,25.4,35.5,65.5
2026-03-29,Agra,19.0,12.9,82.0
2026-03-29,Ambala,25.8,16.0,49.0
2026-03-29,Amritsar,27.18,138.5,58.0
2026-03-29,Bareilly,28.75,32.39,69.5
2026-03-29,Bathinda,23.97,24.3,49.0
2026-03-29,Fatehabad,22.45,92.4,77.5
2026-03-29,Ferozepur,26.5,64.26,69.5
2026-03-29,Hisar,29.4,118.11,69.67
2026-03-29,Jalandhar,27.84,77.17,69.75
2026-03-29,Karnal,26.22,77.6,58.75
2026-03-29,Kurukshetra,28.57,138.7,71.57
2026-03-29,Ludhiana,34.97,78.4,60.33
2026-03-29,Moga,24.9,113.81,58.5
2026-03-29,Muzaffarnagar,34.0,38.7,75.0
2026-03-29,Patiala,30.9,15.9,74.0
2026-03-29,Saharanpur,38.6,0.0,54.0
2026-03-29,Sirsa,27.3,92.4,75.67
2026-03-30,Agra,20.33,37.12,70.33
2026-03-30,Ambala,24.6,57.91,79.75
2026-03-30,Amritsar,28.3,49.72,79.5
2026-03-30,Bareilly,24.75,51.55,65.0
2026-03-30,Bathinda,20.55,74.29,76.0
2026-03-30,Fatehabad,28.28,83.06,61.5
2026-03-30,Ferozepur,26.8,37.24,73.5
2026-03-30,Hisar,27.55,7.0,57.5
2026-03-30,Jalandhar,28.35,68.07,44.0
2026-03-30,Karnal,25.55,40.16,50.5
2026-03-30,Ludhiana,32.16,122.98,66.8
2026-03-30,Meerut,28.55,59.8,82.5
2026-03-30,Moga,32.1,119.2,54.67
2026-03-30,Muzaffarnagar,35.1,90.62,59.67
2026-03-30,Patiala,39.3,0.0,69.0
2026-03-30,Saharanpur,31.3,36.9,73.0
2026-03-30,Sirsa,20.9,45.3,40.0
2026-03-31,Agra,23.87,73.1,77.5
2026-03-31,Ambala,32.43,125.72,35.67
2026-03-31,Amritsar,34.63,77.0,51.0
2026-03-31,Bareilly,25.75,48.3,81.5
2026-03-31,Bathinda,27.8,59.6,36.5
2026-03-31,Fatehabad,29.9,18.54,71.0
2026-03-31,Ferozepur,20.6,5.1,65.0
2026-03-31,Hisar,28.97,77.47,58.17
2026-03-31,Jalandhar,29.01,111.75,55.71
2026-03-31,Karnal,33.47,51.52,64.67
2026-03-31,Kurukshetra,29.5,30.23,
2026-03-31,Ludhiana,25.95,42.3,62.0
2026-03-31,Meerut,29.58,130.65,54.4
2026-03-31,Moga,30.95,87.31,73.0
2026-03-31,Muzaffarnagar,35.7,84.15,67.5
2026-03-31,Patiala,39.2,48.4,46.0
2026-03-31,Saharanpur,18.3,23.11,36.0
2026-03-31,Sirsa,30.95,39.28,77.0
2026-04-01,Agra,21.9,20.7,58.5
2026-04-01,Ambala,25.66,74.86,49.5
2026-04-01,Bareilly,25.4,57.22,67.25
2026-04-01,Bathinda,16.77,86.4,47.5
2026-04-01,Fatehabad,27.6,14.1,
2026-04-01,Ferozepur,39.0,36.15,56.5
2026-04-01,Hisar,23.8,49.8,50.75
2026-04-01,Jalandhar,36.15,53.3,64.0
2026-04-01,Karnal,30.45,121.42,52.25
2026-04-01,Kurukshetra,26.52,35.81,78.33
2026-04-01,Ludhiana,21.3,79.87,56.0
2026-04-01,Meerut,33.02,52.2,59.0
2026-04-01,Moga,21.86,71.8,58.2
2026-04-01,Saharanpur,21.68,144.41,66.0
2026-04-01,Sirsa,29.1,51.6,82.33
2026-04-02,Agra,20.42,71.4,89.33
2026-04-02,Ambala,20.1,43.1,66.5
2026-04-02,Amritsar,25.38,87.78,53.4
2026-04-02,Bathinda,17.0,32.5,89.0
2026-04-02,Fatehabad,34.87,93.37,56.67
2026-04-02,Ferozepur,31.02,77.88,63.5
2026-04-02,Hisar,31.68,109.43,55.2
2026-04-02,Jalandhar,31.77,104.3,80.67
2026-04-02,Karnal,35.3,20.5,48.0
2026-04-02,Kurukshetra,27.6,33.4,78.0
2026-04-02,Ludhiana,22.73,36.03,62.33
2026-04-02,Meerut,22.7,53.67,72.75
2026-04-02,Moga,34.35,42.4,76.5
2026-04-02,Muzaffarnagar,28.55,29.26,78.5
2026-04-02,Patiala,23.28,50.34,71.4
2026-04-02,Saharanpur,22.7,9.2,91.0
2026-04-03,Agra,23.4,69.64,63.8
2026-04-03,Ambala,36.9,86.94,70.0
2026-04-03,Amritsar,31.03,67.9,67.33
2026-04-03,Bareilly,28.44,88.1,72.0
2026-04-03,Bathinda,29.43,150.1,67.0
2026-04-03,Fatehabad,31.3,0.0,52.0
2026-04-03,Ferozepur,23.56,14.4,75.2
2026-04-03,Hisar,31.55,35.5,68.5
2026-04-03,Jalandhar,26.92,92.25,51.67
2026-04-03,Kurukshetra,20.9,32.28,67.0
2026-04-03,Ludhiana,29.35,111.3,54.5
2026-04-03,Meerut,23.67,163.3,67.33
2026-04-03,Moga,37.3,23.5,62.5
2026-04-03,Muzaffarnagar,28.6,49.02,70.5
2026-04-03,Patiala,31.6,69.16,67.67
2026-04-03,Saharanpur,28.02,72.51,60.0
2026-04-03,Sirsa,21.8,14.8,46.0
2026-04-04,Agra,39.7,24.89,89.0
2026-04-04,Ambala,21.82,106.2,60.75
2026-04-04,Amritsar,31.7,72.07,44.0
2026-04-04,Bareilly,31.57,62.3,61.67
2026-04-04,Bathinda,37.3,3.5,50.0
2026-04-04,Fatehabad,28.1,81.0,58.4
2026-04-04,Ferozepur,26.3,115.42,71.0
2026-04-04,Hisar,26.3,69.6,55.0
2026-04-04,Jalandhar,24.1,1.2,
2026-04-04,Karnal,28.3,21.0,59.33
2026-04-04,Kurukshetra,21.47,64.2,73.33
2026-04-04,Ludhiana,28.18,73.26,49.5
2026-04-04,Meerut,27.08,40.7,79.2
2026-04-04,Moga,25.87,44.0,50.0
2026-04-04,Muzaffarnagar,27.2,78.06,71.8
2026-04-04,Patiala,26.58,86.6,58.2
2026-04-04,Saharanpur,25.75,43.43,43.0
2026-04-04,Sirsa,21.7,47.3,33.0
2026-04-05,Agra,31.45,69.99,50.0
2026-04-05,Ambala,36.2,37.2,54.0
2026-04-05,Amritsar,23.12,81.03,71.0
2026-04-05,Bareilly,31.0,34.7,58.5
2026-04-05,Bathinda,31.2,55.63,62.0
2026-04-05,Fatehabad,32.03,66.73,77.67
2026-04-05,Ferozepur,38.8,7.7,70.5
2026-04-05,Hisar,29.0,50.78,69.2
2026-04-05,Karnal,26.48,84.37,61.0
2026-04-05,Kurukshetra,31.4,162.46,62.8
2026-04-05,Ludhiana,32.93,127.44,48.8
2026-04-05,Meerut,26.35,74.74,63.5
2026-04-05,Moga,23.43,60.11,81.0
2026-04-05,Muzaffarnagar,26.0,42.6,52.0
2026-04-05,Patiala,29.72,95.2,54.67
2026-04-05,Saharanpur,24.32,42.94,61.0
2026-04-05,Sirsa,25.63,56.75,58.33
2026-04-06,Ambala,20.3,42.74,64.5
2026-04-06,Amritsar,19.2,16.76,92.0
2026-04-06,Bareilly,28.5,70.0,75.0
2026-04-06,Bathinda,29.0,12.9,63.0
2026-04-06,Fatehabad,31.46,52.58,63.2
2026-04-06,Ferozepur,22.78,91.5,56.5
2026-04-06,Hisar,18.7,56.3,75.5
2026-04-06,Jalandhar,20.57,84.58,67.67
2026-04-06,Karnal,30.06,87.36,65.5
2026-04-06,Kurukshetra,21.1,29.57,40.0
2026-04-06,Ludhiana,25.03,144.82,80.83
2026-04-06,Meerut,25.35,22.1,43.5
2026-04-06,Moga,30.2,102.69,77.0
2026-04-06,Patiala,33.2,56.3,74.67
2026-04-06,Sirsa,30.1,25.8,48.0
2026-04-07,Agra,17.9,45.21,60.0
2026-04-07,Ambala,27.83,57.66,80.0
2026-04-07,Amritsar,29.32,105.11,70.25
2026-04-07,Bareilly,28.4,145.2,53.8
2026-04-07,Bathinda,29.1,99.04,83.0
2026-04-07,Fatehabad,35.9,0.0,84.0
2026-04-07,Ferozepur,27.6,31.5,59.67
2026-04-07,Hisar,24.44,150.59,60.71
2026-04-07,Jalandhar,20.42,108.87,71.25
2026-04-07,Karnal,25.3,21.8,70.0
2026-04-07,Kurukshetra,24.75,102.29,74.5
2026-04-07,Ludhiana,18.57,60.08,59.0
2026-04-07,Meerut,22.93,77.45,56.75
2026-04-07,Moga,27.12,59.1,62.75
2026-04-07,Muzaffarnagar,25.03,106.07,47.0
2026-04-07,Patiala,30.7,48.07,70.5
2026-04-07,Saharanpur,22.17,53.44,49.0
2026-04-07,Sirsa,32.9,64.66,60.0
2026-04-08,Agra,29.57,36.48,70.0
2026-04-08,Ambala,32.8,52.7,66.0
2026-04-08,Amritsar,28.53,209.45,68.22
2026-04-08,Bareilly,27.52,153.96,54.8
2026-04-08,Bathinda,19.2,19.9,66.0
2026-04-08,Fatehabad,29.42,100.5,52.0
2026-04-08,Ferozepur,26.47,197.94,59.67
2026-04-08,Hisar,36.2,20.5,92.0
2026-04-08,Jalandhar,25.67,110.1,37.33
2026-04-08,Karnal,27.42,67.9,73.75
2026-04-08,Kurukshetra,27.77,70.86,38.5
2026-04-08,Ludhiana,23.4,56.2,79.5
2026-04-08,Moga,39.0,5.59,
2026-04-08,Muzaffarnagar,28.3,32.5,
2026-04-08,Patiala,23.62,112.6,68.67
2026-04-08,Saharanpur,36.9,43.7,40.0
2026-04-08,Sirsa,29.55,70.8,67.5
2026-04-09,Agra,26.12,132.6,59.0
2026-04-09,Ambala,29.05,115.58,75.67
2026-04-09,Amritsar,31.78,99.66,67.25
2026-04-09,Bareilly,29.13,58.02,45.67
2026-04-09,Fatehabad,27.77,58.2,67.67
2026-04-09,Ferozepur,23.85,116.33,81.25
2026-04-09,Hisar,25.5,99.71,75.0
2026-04-09,Jalandhar,27.96,147.7,67.71
2026-04-09,Karnal,27.46,90.7,66.75
2026-04-09,Kurukshetra,23.89,222.9,73.86
2026-04-09,Meerut,21.6,22.9,55.0
2026-04-09,Moga,23.68,69.32,70.25
2026-04-09,Muzaffarnagar,24.85,21.4,65.0
2026-04-09,Patiala,26.9,24.1,46.67
2026-04-09,Saharanpur,28.45,7.9,66.0
2026-04-10,Ambala,17.1,54.4,75.67
2026-04-10,Amritsar,32.4,3.3,57.0
2026-04-10,Bareilly,26.22,119.41,69.5
2026-04-10,Bathinda,24.92,63.95,69.75
2026-04-10,Fatehabad,25.7,43.5,78.0
2026-04-10,Ferozepur,27.22,129.8,70.5
2026-04-10,Hisar,20.85,14.22,32.0
2026-04-10,Jalandhar,27.32,56.1,64.0
2026-04-10,Karnal,31.17,117.8,67.43
2026-04-10,Kurukshetra,28.5,100.2,72.5
2026-04-10,Ludhiana,34.2,0.0,55.0
2026-04-10,Meerut,19.9,28.3,94.0
2026-04-10,Moga,28.03,113.7,71.33
2026-04-10,Muzaffarnagar,30.1,86.3,49.67
2026-04-10,Patiala,28.62,122.43,75.33
2026-04-10,Saharanpur,23.3,85.72,46.0
2026-04-10,Sirsa,28.6,26.2,48.0
2026-04-11,Agra,27.18,87.72,67.0
2026-04-11,Ambala,35.53,40.8,71.67
2026-04-11,Amritsar,26.12,40.83,63.75
2026-04-11,Bareilly,22.8,39.12,93.0
2026-04-11,Bathinda,29.68,81.2,42.5
2026-04-11,Fatehabad,26.2,47.5,59.0
2026-04-11,Ferozepur,22.08,56.14,45.0
2026-04-11,Hisar,31.98,99.08,64.0
2026-04-11,Jalandhar,28.87,161.74,57.0
2026-04-11,Karnal,21.48,93.27,75.25
2026-04-11,Kurukshetra,28.3,60.93,66.25
2026-04-11,Ludhiana,21.47,37.29,71.0
2026-04-11,Meerut,28.6,52.18,57.0
2026-04-11,Moga,17.0,48.6,63.5
2026-04-11,Muzaffarnagar,34.3,47.8,54.0
2026-04-11,Patiala,22.9,45.8,62.0
2026-04-11,Saharanpur,26.83,78.15,51.0
2026-04-11,Sirsa,19.8,39.18,63.5
2026-04-12,Agra,16.2,22.2,74.0
2026-04-12,Ambala,33.95,156.0,66.25
2026-04-12,Amritsar,24.1,0.0,94.0
2026-04-12,Bareilly,24.08,75.82,65.25
2026-04-12,Bathinda,30.08,112.85,59.6
2026-04-12,Fatehabad,28.23,82.6,63.0
2026-04-12,Hisar,32.4,43.2,80.0
2026-04-12,Jalandhar,17.8,18.8,72.0
2026-04-12,Karnal,26.15,64.8,64.25
2026-04-12,Kurukshetra,32.53,86.6,58.0
2026-04-12,Ludhiana,22.6,25.9,78.0
2026-04-12,Meerut,23.75,23.37,72.0
2026-04-12,Moga,35.08,122.7,61.67
2026-04-12,Muzaffarnagar,30.0,0.0,71.0
2026-04-12,Patiala,24.5,23.4,59.67
2026-04-12,Saharanpur,34.35,26.8,70.5
2026-04-12,Sirsa,35.55,5.6,57.5
2026-04-13,Agra,29.9,137.88,40.25
2026-04-13,Ambala,29.32,178.3,65.0
2026-04-13,Amritsar,21.05,63.2,58.0
2026-04-13,Bareilly,22.74,76.88,65.0
2026-04-13,Bathinda,24.26,159.51,56.6
2026-04-13,Fatehabad,38.7,49.0,63.0
2026-04-13,Ferozepur,30.8,68.32,52.5
2026-04-13,Hisar,29.83,5.2,63.67
2026-04-13,Jalandhar,26.2,175.74,55.29
2026-04-13,Karnal,24.87,93.37,73.2
2026-04-13,Kurukshetra,33.6,17.68,55.0
2026-04-13,Ludhiana,26.65,38.1,61.5
2026-04-13,Meerut,27.72,113.49,72.0
2026-04-13,Moga,23.84,128.76,65.0
2026-04-13,Muzaffarnagar,32.4,121.4,46.0
2026-04-13,Patiala,34.35,31.83,55.0
2026-04-13,Saharanpur,33.5,11.3,59.0
2026-04-13,Sirsa,32.57,115.72,49.5
2026-04-14,Agra,21.78,35.64,80.75
2026-04-14,Ambala,25.0,30.0,47.0
2026-04-14,Amritsar,21.1,101.35,68.5
2026-04-14,Bareilly,21.35,39.6,51.0
2026-04-14,Bathinda,29.43,62.0,66.33
2026-04-14,Fatehabad,35.6,0.0,68.0
2026-04-14,Ferozepur,28.37,77.92,58.0
2026-04-14,Hisar,32.75,131.63,53.25
2026-04-14,Jalandhar,26.35,102.0,44.5
2026-04-14,Karnal,26.17,42.4,58.8
2026-04-14,Kurukshetra,21.8,92.88,53.5
2026-04-14,Ludhiana,25.6,118.7,48.0
2026-04-14,Meerut,15.9,5.0,77.0
2026-04-14,Moga,27.0,0.0,60.0
2026-04-14,Muzaffarnagar,26.5,1.52,38.0
2026-04-14,Patiala,27.48,103.08,65.8
2026-04-14,Saharanpur,36.17,71.83,71.0
2026-04-14,Sirsa,38.8,26.6,31.0
2026-04-15,Agra,24.05,11.68,59.0
2026-04-15,Ambala,39.0,40.6,53.0
2026-04-15,Amritsar,21.05,39.2,53.5
2026-04-15,Bareilly,33.5,46.23,59.0
2026-04-15,Bathinda,36.8,9.4,79.0
2026-04-15,Fatehabad,28.47,124.13,62.83
2026-04-15,Ferozepur,30.05,148.94,62.5
2026-04-15,Hisar,35.6,27.0,70.5
2026-04-15,Jalandhar,25.53,69.95,64.14
2026-04-15,Karnal,21.13,82.9,48.33
2026-04-15,Kurukshetra,18.8,42.5,73.0
2026-04-15,Ludhiana,29.62,112.68,43.75
2026-04-15,Meerut,27.67,66.14,65.0
2026-04-15,Moga,34.3,46.74,60.0
2026-04-15,Muzaffarnagar,22.27,74.24,76.5
2026-04-15,Patiala,31.3,16.79,67.0
2026-04-15,Sirsa,30.42,122.53,44.8
2026-04-16,Agra,25.3,75.6,52.0
2026-04-16,Ambala,32.87,103.3,68.5
2026-04-16,Amritsar,24.9,64.4,56.5
2026-04-16,Bareilly,21.07,17.0,72.0
2026-04-16,Bathinda,26.0,44.8,47.0
2026-04-16,Fatehabad,22.75,46.02,70.0
2026-04-16,Ferozepur,21.53,154.94,66.5
2026-04-16,Hisar,38.3,45.4,32.0
2026-04-16,Jalandhar,25.5,10.67,46.0
2026-04-16,Karnal,37.95,51.56,67.5
2026-04-16,Kurukshetra,29.53,12.19,65.5
2026-04-16,Ludhiana,21.2,30.6,94.0
2026-04-16,Meerut,27.15,14.64,82.5
2026-04-16,Moga,23.25,77.98,51.5
2026-04-16,Muzaffarnagar,31.53,54.01,49.67
2026-04-16,Patiala,29.7,67.5,69.67
2026-04-16,Saharanpur,39.9,32.1,
2026-04-16,Sirsa,24.6,124.73,50.33
2026-04-17,Agra,29.36,239.7,63.12
2026-04-17,Ambala,23.12,117.86,62.33
2026-04-17,Amritsar,34.5,80.2,55.0
2026-04-17,Bareilly,31.5,34.7,78.0
2026-04-17,Bathinda,24.97,62.68,54.33
2026-04-17,Fatehabad,37.2,15.49,86.0
2026-04-17,Ferozepur,29.6,47.5,39.0
2026-04-17,Hisar,24.95,162.93,71.0
2026-04-17,Karnal,26.03,83.79,68.0
2026-04-17,Kurukshetra,21.9,48.19,59.5
2026-04-17,Ludhiana,32.5,23.25,67.0
2026-04-17,Meerut,28.8,31.5,79.0
2026-04-17,Moga,22.54,109.1,64.67
2026-04-17,Muzaffarnagar,29.0,37.4,35.0
2026-04-17,Patiala,22.3,75.81,89.0
2026-04-17,Saharanpur,35.5,5.9,77.0
2026-04-17,Sirsa,20.85,62.23,50.5
2026-04-18,Agra,35.07,76.61,47.0
2026-04-18,Amritsar,26.8,60.94,52.0
2026-04-18,Bareilly,33.3,37.6,57.33
2026-04-18,Fatehabad,27.58,73.3,57.25
2026-04-18,Ferozepur,19.55,17.69,75.0
2026-04-18,Hisar,29.95,50.5,46.0
2026-04-18,Jalandhar,27.58,70.56,58.33
2026-04-18,Karnal,24.8,104.85,67.0
2026-04-18,Kurukshetra,26.0,31.94,59.0
2026-04-18,Ludhiana,30.12,107.91,67.17
2026-04-18,Meerut,30.1,9.4,95.0
2026-04-18,Moga,35.37,103.46,42.33
2026-04-18,Muzaffarnagar,24.9,56.1,68.33
2026-04-18,Saharanpur,26.55,45.7,56.0
2026-04-18,Sirsa,30.92,90.75,44.5
2026-04-19,Agra,22.2,6.0,70.0
2026-04-19,Ambala,22.55,23.7,72.0
2026-04-19,Amritsar,30.06,103.31,60.0
2026-04-19,Bareilly,26.65,111.21,51.25
2026-04-19,Bathinda,28.32,175.78,48.11
2026-04-19,Ferozepur,34.2,77.53,59.75
2026-04-19,Hisar,27.55,33.6,54.0
2026-04-19,Jalandhar,35.5,45.19,42.0
2026-04-19,Karnal,25.3,94.0,58.0
2026-04-19,Ludhiana,21.8,52.6,42.0
2026-04-19,Meerut,17.4,5.08,82.0
2026-04-19,Moga,28.1,0.0,38.0
2026-04-19,Muzaffarnagar,27.32,81.0,55.33
2026-04-19,Patiala,29.4,64.4,74.0
2026-04-19,Saharanpur,27.47,65.28,72.33
2026-04-19,Sirsa,25.27,84.65,59.67
2026-04-20,Agra,24.25,37.2,54.0
2026-04-20,Ambala,35.4,20.0,50.0
2026-04-20,Amritsar,17.9,9.4,32.0
2026-04-20,Bareilly,26.3,16.0,64.0
2026-04-20,Bathinda,40.0,48.4,
2026-04-20,Fatehabad,24.95,68.78,42.25
2026-04-20,Ferozepur,22.07,59.4,68.5
2026-04-20,Hisar,36.6,63.9,65.0
2026-04-20,Jalandhar,29.4,205.52,55.89
2026-04-20,Karnal,25.8,53.2,71.0
2026-04-20,Kurukshetra,23.6,11.3,93.0
2026-04-20,Ludhiana,23.64,79.16,55.0
2026-04-20,Meerut,30.75,102.6,79.4
2026-04-20,Moga,23.54,136.63,75.75
2026-04-20,Muzaffarnagar,33.3,31.1,60.0
2026-04-20,Patiala,20.2,0.0,47.0
2026-04-20,Saharanpur,23.7,61.42,55.5
2026-04-21,Agra,20.8,8.8,74.0
2026-04-21,Ambala,27.6,76.1,58.33
2026-04-21,Amritsar,26.47,69.8,63.67
2026-04-21,Bareilly,25.73,72.66,66.5
2026-04-21,Bathinda,25.96,97.36,58.0
2026-04-21,Ferozepur,27.4,99.43,64.5
2026-04-21,Hisar,32.08,180.4,65.17
2026-04-21,Jalandhar,27.9,54.12,46.0
2026-04-21,Karnal,38.4,0.0,38.0
2026-04-21,Kurukshetra,31.53,14.41,46.0
2026-04-21,Ludhiana,23.96,110.0,54.4
2026-04-21,Meerut,26.5,38.3,68.0
2026-04-21,Moga,28.07,2.2,54.67
2026-04-21,Muzaffarnagar,18.9,18.8,81.0
2026-04-21,Saharanpur,17.6,59.95,56.0
2026-04-21,Sirsa,28.5,7.2,87.0
2026-04-22,Agra,27.27,44.7,66.33
2026-04-22,Ambala,25.67,78.45,60.67
2026-04-22,Amritsar,28.25,29.2,68.5
2026-04-22,Bareilly,26.08,60.8,55.33
2026-04-22,Bathinda,22.9,35.83,83.0
2026-04-22,Fatehabad,36.9,12.9,
2026-04-22,Ferozepur,25.9,48.1,68.0
2026-04-22,Hisar,24.15,56.4,70.67
2026-04-22,Jalandhar,27.26,143.2,65.0
2026-04-22,Karnal,28.67,58.7,64.0
2026-04-22,Kurukshetra,37.75,39.62,55.5
2026-04-22,Ludhiana,33.5,44.0,67.0
2026-04-22,Meerut,32.37,44.51,72.33
2026-04-22,Moga,31.74,113.61,70.67
2026-04-22,Muzaffarnagar,29.95,85.06,74.5
2026-04-22,Patiala,24.22,59.2,39.5
2026-04-22,Saharanpur,18.4,0.0,61.0
2026-04-22,Sirsa,17.2,42.67,72.0
2026-04-23,Agra,26.78,75.3,55.5
2026-04-23,Ambala,23.52,121.87,68.67
2026-04-23,Amritsar,26.6,36.2,77.0
2026-04-23,Bareilly,27.03,31.22,70.0
2026-04-23,Bathinda,22.47,74.72,49.0
2026-04-23,Fatehabad,20.4,78.9,67.75
2026-04-23,Ferozepur,30.9,9.4,72.0
2026-04-23,Hisar,31.92,63.66,61.75
2026-04-23,Jalandhar,29.0,14.99,31.0
2026-04-23,Karnal,35.5,51.7,60.67
2026-04-23,Kurukshetra,27.95,62.99,75.0
2026-04-23,Ludhiana,28.92,33.5,62.6
2026-04-23,Meerut,24.3,99.64,81.67
2026-04-23,Moga,27.98,92.2,47.67
2026-04-23,Muzaffarnagar,32.55,48.1,48.5
2026-04-23,Patiala,38.9,22.7,77.0
2026-04-23,Saharanpur,23.7,102.2,54.5
2026-04-23,Sirsa,31.62,165.78,75.25
2026-04-24,Agra,22.4,65.02,82.5
2026-04-24,Ambala,32.17,13.09,74.0
2026-04-24,Amritsar,29.0,27.3,89.0
2026-04-24,Bareilly,19.25,28.7,50.5
2026-04-24,Bathinda,28.23,82.56,59.0
2026-04-24,Fatehabad,27.27,81.5,70.0
2026-04-24,Ferozepur,16.3,30.1,
2026-04-24,Hisar,25.02,146.23,68.12
2026-04-24,Jalandhar,29.1,190.6,72.17
2026-04-24,Karnal,25.46,92.0,59.0
2026-04-24,Kurukshetra,31.75,40.7,50.0
2026-04-24,Ludhiana,21.4,63.8,64.0
2026-04-24,Meerut,22.05,84.7,74.33
2026-04-24,Moga,22.0,0.0,86.0
2026-04-24,Muzaffarnagar,28.57,36.95,59.67
2026-04-24,Patiala,39.1,28.9,
2026-04-24,Saharanpur,27.8,41.1,64.0
2026-04-24,Sirsa,22.4,57.91,87.0
2026-04-25,Agra,21.75,72.23,45.5
2026-04-25,Ambala,28.7,18.0,30.0
2026-04-25,Amritsar,35.1,55.2,71.5
2026-04-25,Bareilly,25.7,66.98,61.67
2026-04-25,Bathinda,29.93,96.6,56.33
2026-04-25,Fatehabad,22.87,73.87,46.33
2026-04-25,Ferozepur,22.1,29.21,32.0
2026-04-25,Hisar,26.15,87.99,71.67
2026-04-25,Jalandhar,26.75,57.53,92.0
2026-04-25,Kurukshetra,26.65,38.17,44.0
2026-04-25,Ludhiana,33.5,50.78,59.0
2026-04-25,Meerut,29.15,155.99,84.75
2026-04-25,Moga,26.65,134.77,71.33
2026-04-25,Muzaffarnagar,29.03,43.5,72.0
2026-04-25,Patiala,33.1,22.7,93.0
2026-04-25,Sirsa,33.4,11.6,33.0
2026-04-26,Agra,32.34,190.47,61.57
2026-04-26,Ambala,29.82,75.98,55.0
2026-04-26,Amritsar,24.6,117.9,31.0
2026-04-26,Bareilly,30.46,191.6,57.75
2026-04-26,Bathinda,23.9,124.6,56.67
2026-04-26,Fatehabad,28.67,165.99,57.25
2026-04-26,Ferozepur,25.65,76.3,49.0
2026-04-26,Hisar,23.94,125.3,72.75
2026-04-26,Jalandhar,24.75,92.0,69.75
2026-04-26,Karnal,28.05,8.8,88.0
2026-04-26,Kurukshetra,31.9,115.49,62.75
2026-04-26,Meerut,26.37,97.1,65.0
2026-04-26,Moga,35.75,44.3,54.0
2026-04-26,Muzaffarnagar,31.25,47.85,55.0
2026-04-26,Patiala,29.6,18.3,76.0
2026-04-26,Saharanpur,27.6,49.4,74.0
2026-04-26,Sirsa,26.72,76.12,60.5
2026-04-27,Agra,23.8,32.64,50.67
2026-04-27,Ambala,32.5,47.11,50.67
2026-04-27,Amritsar,31.35,86.0,71.0
2026-04-27,Bareilly,19.58,156.01,73.75
2026-04-27,Bathinda,24.9,26.16,73.0
2026-04-27,Fatehabad,27.3,0.0,55.0
2026-04-27,Ferozepur,29.85,24.9,59.5
2026-04-27,Hisar,26.75,99.64,59.2
2026-04-27,Jalandhar,21.5,53.36,54.0
2026-04-27,Karnal,25.5,20.26,59.5
2026-04-27,Kurukshetra,19.23,18.29,35.0
2026-04-27,Ludhiana,22.87,73.9,56.33
2026-04-27,Meerut,24.8,81.63,46.0
2026-04-27,Moga,22.55,48.01,60.5
2026-04-27,Muzaffarnagar,34.5,24.13,70.0
2026-04-27,Patiala,22.2,24.89,77.0
2026-04-27,Saharanpur,24.6,5.08,
2026-04-27,Sirsa,39.8,0.0,67.0
2026-04-28,Agra,28.12,132.03,32.0
2026-04-28,Ambala,29.09,143.09,67.57
2026-04-28,Amritsar,28.15,58.23,71.25
2026-04-28,Bareilly,37.2,34.54,
2026-04-28,Bathinda,24.28,192.47,61.0
2026-04-28,Fatehabad,37.0,41.9,51.0
2026-04-28,Ferozepur,22.86,43.48,56.4
2026-04-28,Hisar,29.67,22.86,74.0
2026-04-28,Jalandhar,31.3,79.12,70.0
2026-04-28,Karnal,33.03,71.86,46.33
2026-04-28,Kurukshetra,18.3,0.0,49.0
2026-04-28,Ludhiana,26.8,0.0,37.0
2026-04-28,Meerut,29.8,1.02,76.0
2026-04-28,Moga,27.8,10.6,80.0
2026-04-28,Muzaffarnagar,18.0,16.9,68.0
2026-04-28,Patiala,27.6,43.1,84.0
2026-04-28,Saharanpur,25.45,54.8,58.5
2026-04-29,Agra,34.33,87.7,53.75
2026-04-29,Ambala,23.6,19.05,65.5
2026-04-29,Amritsar,21.3,43.1,45.0
2026-04-29,Bareilly,27.47,86.7,48.33
2026-04-29,Bathinda,28.9,14.8,71.0
2026-04-29,Fatehabad,35.1,25.2,53.0
2026-04-29,Ferozepur,27.77,18.54,71.67
2026-04-29,Hisar,31.47,67.8,47.0
2026-04-29,Jalandhar,31.1,18.7,78.67
2026-04-29,Karnal,30.09,221.82,57.0
2026-04-29,Kurukshetra,24.97,48.41,66.33
2026-04-29,Ludhiana,33.4,44.8,64.5
2026-04-29,Moga,31.97,54.57,64.0
2026-04-29,Muzaffarnagar,27.46,124.56,62.25
2026-04-29,Saharanpur,22.87,114.4,71.33
2026-04-29,Sirsa,25.83,34.5,59.0
2026-04-30,Agra,26.48,77.47,65.0
2026-04-30,Ambala,25.9,80.2,
2026-04-30,Amritsar,30.4,73.02,89.5
2026-04-30,Bareilly,21.4,16.9,79.5
2026-04-30,Bathinda,26.04,127.14,90.75
2026-04-30,Fatehabad,29.46,108.88,72.75
2026-04-30,Ferozepur,24.25,71.5,49.5
2026-04-30,Hisar,31.2,60.9,65.33
2026-04-30,Jalandhar,26.0,46.17,48.75
2026-04-30,Karnal,32.6,26.6,31.0
2026-04-30,Kurukshetra,19.13,64.83,65.33
2026-04-30,Ludhiana,24.58,28.9,58.0
2026-04-30,Meerut,34.8,0.0,32.0
2026-04-30,Moga,39.6,15.2,95.0
2026-04-30,Muzaffarnagar,29.9,45.01,65.5
2026-04-30,Patiala,27.8,32.1,81.0
2026-04-30,Saharanpur,31.0,59.15,65.33
2026-04-30,Sirsa,18.6,17.27,83.0
2026-05-01,Agra,28.44,141.32,61.25
2026-05-01,Ambala,33.4,74.17,47.5
2026-05-01,Amritsar,25.63,50.65,59.33
2026-05-01,Bareilly,34.0,105.43,46.0
2026-05-01,Bathinda,25.0,44.7,60.0
2026-05-01,Fatehabad,18.0,0.0,38.0
2026-05-01,Ferozepur,25.5,76.2,43.0
2026-05-01,Hisar,34.07,51.4,57.0
2026-05-01,Jalandhar,24.05,29.21,49.33
2026-05-01,Karnal,27.95,64.9,45.0
2026-05-01,Kurukshetra,24.6,74.56,56.0
2026-05-01,Ludhiana,27.6,81.28,67.33
2026-05-01,Meerut,27.55,108.07,62.0
2026-05-01,Moga,29.5,60.7,60.33
2026-05-01,Muzaffarnagar,21.65,43.69,75.5
2026-05-01,Patiala,22.0,11.5,32.0
2026-05-01,Sirsa,20.35,85.09,58.5
2026-05-02,Agra,26.27,36.8,75.0
2026-05-02,Ambala,34.13,26.1,60.5
2026-05-02,Amritsar,26.68,177.85,47.2
2026-05-02,Bareilly,39.9,9.0,50.0
2026-05-02,Bathinda,27.62,45.42,63.5
2026-05-02,Fatehabad,28.42,36.2,59.0
2026-05-02,Ferozepur,29.75,29.1,57.5
2026-05-02,Hisar,26.17,85.9,58.0
2026-05-02,Jalandhar,38.8,0.0,51.0
2026-05-02,Karnal,27.42,91.86,47.17
2026-05-02,Kurukshetra,25.75,128.34,73.25
2026-05-02,Ludhiana,26.17,92.27,55.67
2026-05-02,Meerut,32.65,11.69,65.5
2026-05-02,Moga,26.93,70.5,36.67
2026-05-02,Muzaffarnagar,33.83,113.6,75.67
2026-05-02,Patiala,26.0,3.81,83.0
2026-05-02,Saharanpur,20.8,27.3,77.0
2026-05-02,Sirsa,34.1,14.26,63.33
2026-05-03,Agra,23.25,0.0,52.5
2026-05-03,Ambala,25.35,155.1,60.5
2026-05-03,Amritsar,23.65,55.36,62.5
2026-05-03,Bareilly,30.9,129.37,48.0
2026-05-03,Bathinda,16.5,46.2,68.0
2026-05-03,Fatehabad,29.5,8.9,89.0
2026-05-03,Ferozepur,31.76,74.52,52.2
2026-05-03,Hisar,25.93,40.6,63.67
2026-05-03,Jalandhar,34.3,0.0,
2026-05-03,Karnal,26.5,103.1,57.5
2026-05-03,Kurukshetra,22.43,39.88,74.67
2026-05-03,Ludhiana,21.6,31.0,92.0
2026-05-03,Meerut,32.8,45.97,71.0
2026-05-03,Moga,25.66,140.32,55.4
2026-05-03,Muzaffarnagar,25.0,9.4,31.0
2026-05-03,Patiala,34.15,27.8,88.0
2026-05-03,Saharanpur,27.2,40.89,76.0
2026-05-03,Sirsa,26.35,51.07,54.5
2026-05-04,Agra,22.86,111.06,63.8
2026-05-04,Ambala,32.07,74.1,53.0
2026-05-04,Amritsar,24.8,54.6,66.0
2026-05-04,Bathinda,27.49,271.18,51.8
2026-05-04,Fatehabad,30.0,98.2,66.0
2026-05-04,Ferozepur,28.7,48.51,
2026-05-04,Hisar,26.0,64.71,53.67
2026-05-04,Jalandhar,18.3,13.46,89.0
2026-05-04,Karnal,30.8,102.99,54.75
2026-05-04,Kurukshetra,22.9,150.31,74.4
2026-05-04,Ludhiana,15.7,17.27,32.0
2026-05-04,Meerut,27.0,47.1,44.0
2026-05-04,Moga,27.95,78.19,73.5
2026-05-04,Muzaffarnagar,36.0,8.3,44.0
2026-05-04,Patiala,35.1,0.0,92.0
2026-05-04,Saharanpur,23.25,90.7,85.0
2026-05-04,Sirsa,29.57,71.7,79.67
2026-05-05,Agra,36.55,36.58,78.5
2026-05-05,Ambala,26.13,91.6,57.0
2026-05-05,Amritsar,22.13,57.68,80.0
2026-05-05,Bareilly,34.13,0.0,66.67
2026-05-05,Bathinda,24.5,47.2,62.0
2026-05-05,Fatehabad,24.65,66.38,54.5
2026-05-05,Ferozepur,32.1,26.62,52.0
2026-05-05,Hisar,24.63,43.96,77.5
2026-05-05,Jalandhar,28.5,77.16,70.67
2026-05-05,Karnal,21.62,60.91,46.25
2026-05-05,Ludhiana,24.33,7.7,67.0
2026-05-05,Meerut,24.2,125.04,54.5
2026-05-05,Moga,25.95,125.8,62.17
2026-05-05,Patiala,26.55,69.38,62.0
2026-05-05,Saharanpur,33.17,63.45,54.67
2026-05-05,Sirsa,26.67,102.69,60.67
2026-05-06,Agra,24.8,37.88,63.0
2026-05-06,Ambala,29.16,116.73,70.75
2026-05-06,Amritsar,31.78,115.7,61.0
2026-05-06,Bareilly,22.85,60.03,37.5
2026-05-06,Bathinda,25.4,9.4,63.33
2026-05-06,Fatehabad,20.94,144.33,84.5
2026-05-06,Ferozepur,24.97,117.7,80.5
2026-05-06,Jalandhar,28.46,116.78,66.6
2026-05-06,Karnal,30.8,23.6,35.0
2026-05-06,Kurukshetra,27.73,81.47,78.33
2026-05-06,Ludhiana,32.5,80.95,57.5
2026-05-06,Moga,31.17,89.63,41.67
2026-05-06,Muzaffarnagar,30.45,47.5,60.5
2026-05-06,Saharanpur,28.55,14.43,62.0
2026-05-06,Sirsa,22.57,61.4,70.0
2026-05-07,Agra,21.95,25.6,71.0
2026-05-07,Ambala,27.93,79.53,71.0
2026-05-07,Amritsar,30.25,59.13,39.33
2026-05-07,Bareilly,29.36,59.68,59.33
2026-05-07,Bathinda,29.65,131.11,58.0
2026-05-07,Fatehabad,29.23,85.74,67.33
2026-05-07,Ferozepur,20.7,71.36,59.5
2026-05-07,Hisar,29.85,42.8,50.5
2026-05-07,Jalandhar,27.55,59.69,72.0
2026-05-07,Karnal,28.3,24.8,91.0
2026-05-07,Kurukshetra,28.28,111.8,63.25
2026-05-07,Ludhiana,33.73,57.4,69.5
2026-05-07,Meerut,27.33,117.71,50.5
2026-05-07,Moga,26.72,164.63,71.67
2026-05-07,Muzaffarnagar,25.7,14.1,87.5
2026-05-07,Patiala,21.35,85.16,63.0
2026-05-07,Saharanpur,28.43,89.56,60.67
2026-05-07,Sirsa,17.1,42.8,66.0
2026-05-08,Agra,22.0,71.0,81.0
2026-05-08,Ambala,28.53,119.29,54.71
2026-05-08,Amritsar,26.8,102.73,53.2
2026-05-08,Bareilly,36.8,41.2,55.33
2026-05-08,Bathinda,30.02,69.2,69.5
2026-05-08,Fatehabad,31.1,85.35,70.33
2026-05-08,Hisar,23.16,99.39,46.75
2026-05-08,Jalandhar,28.1,69.3,70.83
2026-05-08,Karnal,30.66,152.4,66.2
2026-05-08,Ludhiana,32.06,75.93,57.0
2026-05-08,Moga,16.5,0.0,92.0
2026-05-08,Muzaffarnagar,39.4,8.4,52.0
2026-05-08,Patiala,25.57,79.89,45.33
2026-05-08,Sirsa,29.6,81.77,54.5
2026-05-09,Agra,29.97,88.38,67.0
2026-05-09,Ambala,16.0,0.0,87.0
2026-05-09,Amritsar,25.6,47.0,82.0
2026-05-09,Bareilly,24.83,90.27,56.5
2026-05-09,Fatehabad,38.7,44.2,
2026-05-09,Ferozepur,23.3,32.4,39.0
2026-05-09,Hisar,19.23,96.0,59.5
2026-05-09,Jalandhar,32.5,8.0,36.0
2026-05-09,Karnal,25.76,221.54,64.57
2026-05-09,Kurukshetra,26.88,95.62,63.6
2026-05-09,Ludhiana,28.1,27.5,69.67
2026-05-09,Meerut,26.72,48.9,71.0
2026-05-09,Moga,27.5,42.31,61.6
2026-05-09,Muzaffarnagar,27.8,74.6,66.17
2026-05-09,Patiala,18.45,26.0,44.0
2026-05-09,Saharanpur,37.4,34.29,51.0
2026-05-09,Sirsa,25.6,20.57,59.0
2026-05-10,Agra,29.33,68.8,76.0
2026-05-10,Ambala,27.65,69.0,46.5
2026-05-10,Amritsar,21.4,50.3,68.0
2026-05-10,Bareilly,28.45,40.39,89.0
2026-05-10,Bathinda,33.14,185.11,69.5
2026-05-10,Ferozepur,25.15,131.11,69.67
2026-05-10,Hisar,26.32,169.26,53.83
2026-05-10,Jalandhar,29.2,13.0,73.0
2026-05-10,Karnal,33.9,0.0,89.0
2026-05-10,Kurukshetra,31.33,129.62,66.17
2026-05-10,Ludhiana,29.35,11.18,54.0
2026-05-10,Meerut,33.7,48.51,70.0
2026-05-10,Moga,21.1,58.3,49.5
2026-05-10,Muzaffarnagar,16.5,45.7,79.0
2026-05-10,Saharanpur,30.75,41.3,57.5
2026-05-10,Sirsa,24.15,72.43,49.5
2026-05-11,Agra,27.2,40.0,93.0
2026-05-11,Ambala,27.3,17.9,58.0
2026-05-11,Amritsar,23.93,67.87,59.33
2026-05-11,Bareilly,22.6,15.1,51.0
2026-05-11,Bathinda,15.1,0.1,50.0
2026-05-11,Fatehabad,37.0,8.7,75.0
2026-05-11,Ferozepur,20.0,0.0,86.0
2026-05-11,Hisar,28.6,121.66,71.83
2026-05-11,Jalandhar,29.23,8.6,45.5
2026-05-11,Karnal,24.8,134.8,63.33
2026-05-11,Kurukshetra,37.7,48.26,39.0
2026-05-11,Ludhiana,33.53,98.0,62.0
2026-05-11,Meerut,29.63,82.05,70.0
2026-05-11,Moga,26.13,19.8,58.67
2026-05-11,Muzaffarnagar,29.43,87.84,49.67
2026-05-11,Saharanpur,27.55,77.8,68.5
2026-05-11,Sirsa,24.73,59.4,64.0
2026-05-12,Agra,20.75,77.7,89.0
2026-05-12,Ambala,27.05,4.68,68.5
2026-05-12,Amritsar,30.63,150.0,55.71
2026-05-12,Bareilly,25.7,137.2,46.33
2026-05-12,Bathinda,16.4,11.7,
2026-05-12,Fatehabad,29.8,45.15,70.5
2026-05-12,Ferozepur,31.24,85.54,65.6
2026-05-12,Jalandhar,35.87,44.46,42.67
2026-05-12,Karnal,23.4,116.72,58.0
2026-05-12,Kurukshetra,29.3,4.2,
2026-05-12,Ludhiana,21.35,72.43,69.0
2026-05-12,Meerut,20.1,14.3,47.0
2026-05-12,Muzaffarnagar,34.9,25.8,45.0
2026-05-12,Saharanpur,24.5,105.48,61.0
2026-05-12,Sirsa,37.1,17.27,63.0
2026-05-13,Agra,26.72,75.32,58.25
2026-05-13,Ambala,26.45,13.7,51.0
2026-05-13,Amritsar,31.63,47.72,54.0
2026-05-13,Bathinda,32.93,37.12,59.33
2026-05-13,Fatehabad,19.8,48.01,31.0
2026-05-13,Ferozepur,35.9,14.1,65.0
2026-05-13,Hisar,30.13,28.95,78.67
2026-05-13,Jalandhar,24.3,63.99,73.67
2026-05-13,Karnal,27.2,32.51,30.0
2026-05-13,Kurukshetra,29.3,41.32,62.33
2026-05-13,Ludhiana,25.85,55.16,44.5
2026-05-13,Meerut,39.9,14.1,49.0
2026-05-13,Moga,32.4,107.34,63.4
2026-05-13,Muzaffarnagar,21.7,26.9,51.0
2026-05-13,Sirsa,36.4,0.76,31.0
2026-05-14,Agra,22.98,121.81,84.33
2026-05-14,Ambala,24.78,114.09,61.75
2026-05-14,Amritsar,28.0,53.8,76.0
2026-05-14,Bareilly,27.28,54.6,54.25
2026-05-14,Bathinda,33.47,23.0,72.5
2026-05-14,Fatehabad,27.05,2.47,62.5
2026-05-14,Ferozepur,31.92,89.19,46.75
2026-05-14,Hisar,31.98,109.14,56.0
2026-05-14,Jalandhar,21.2,218.73,56.0
2026-05-14,Karnal,31.7,0.0,44.0
2026-05-14,Kurukshetra,28.82,116.6,72.2
2026-05-14,Ludhiana,24.3,45.1,56.0
2026-05-14,Meerut,21.5,4.0,88.0
2026-05-14,Moga,29.36,89.19,49.25
2026-05-14,Patiala,19.2,12.4,64.0
2026-05-14,Saharanpur,32.2,33.2,45.33
2026-05-14,Sirsa,16.8,13.1,30.0
2026-05-15,Agra,27.0,38.38,41.5
2026-05-15,Ambala,30.75,70.02,62.0
2026-05-15,Amritsar,22.7,0.0,60.5
2026-05-15,Bareilly,22.65,46.1,71.5
2026-05-15,Bathinda,36.02,148.87,46.0
2026-05-15,Fatehabad,29.65,10.9,77.0
2026-05-15,Ferozepur,27.98,98.41,64.25
2026-05-15,Hisar,28.83,40.02,72.33
2026-05-15,Jalandhar,26.92,93.68,60.0
2026-05-15,Karnal,26.77,82.42,67.5
2026-05-15,Kurukshetra,28.34,121.48,48.5
2026-05-15,Ludhiana,24.83,49.72,69.67
2026-05-15,Meerut,29.53,42.73,64.67
2026-05-15,Moga,30.75,39.2,87.0
2026-05-15,Muzaffarnagar,30.85,33.0,44.5
2026-05-15,Patiala,27.0,68.2,39.0
2026-05-15,Saharanpur,26.15,55.15,80.0
2026-05-15,Sirsa,22.45,107.01,53.0
2026-05-16,Agra,25.05,15.43,39.0
2026-05-16,Ambala,20.4,69.81,63.67
2026-05-16,Amritsar,36.57,65.37,62.67
2026-05-16,Bareilly,30.65,84.1,41.67
2026-05-16,Bathinda,29.28,81.2,59.0
2026-05-16,Fatehabad,31.25,65.7,52.33
2026-05-16,Ferozepur,29.23,48.0,55.33
2026-05-16,Hisar,34.5,4.4,49.0
2026-05-16,Jalandhar,30.2,18.8,73.0
2026-05-16,Karnal,25.42,84.41,63.4
2026-05-16,Kurukshetra,23.6,55.3,57.0
2026-05-16,Ludhiana,29.75,122.17,84.0
2026-05-16,Meerut,27.72,81.0,65.75
2026-05-16,Moga,30.0,36.8,38.0
2026-05-16,Muzaffarnagar,25.77,23.4,63.0
2026-05-16,Patiala,30.25,14.6,73.0
2026-05-16,Saharanpur,27.67,56.42,49.0
2026-05-16,Sirsa,28.78,62.1,55.67
2026-05-17,Agra,23.4,110.49,67.67
2026-05-17,Ambala,26.75,121.46,61.33
2026-05-17,Amritsar,31.95,76.2,45.5
2026-05-17,Bareilly,18.65,94.35,63.5
2026-05-17,Bathinda,27.85,10.8,86.0
2026-05-17,Fatehabad,29.6,71.5,74.5
2026-05-17,Ferozepur,30.0,127.84,67.5
2026-05-17,Hisar,38.3,49.5,81.0
2026-05-17,Jalandhar,23.57,165.63,58.8
2026-05-17,Karnal,25.12,59.5,41.75
2026-05-17,Kurukshetra,24.1,47.24,95.0
2026-05-17,Meerut,28.6,40.3,70.6
2026-05-17,Moga,32.22,42.4,65.67
2026-05-17,Muzaffarnagar,35.8,45.4,83.0
2026-05-17,Patiala,29.47,42.47,52.67
2026-05-17,Saharanpur,28.85,25.72,58.0
2026-05-17,Sirsa,21.3,91.38,70.67
2026-05-18,Agra,27.22,129.4,77.5
2026-05-18,Ambala,21.5,110.08,63.75
2026-05-18,Amritsar,28.3,117.52,79.67
2026-05-18,Bareilly,24.7,93.86,51.0
2026-05-18,Bathinda,26.27,136.52,64.0
2026-05-18,Fatehabad,22.37,33.3,54.33
2026-05-18,Ferozepur,16.6,68.7,60.0
2026-05-18,Hisar,33.36,25.47,68.4
2026-05-18,Jalandhar,29.05,140.58,80.67
2026-05-18,Karnal,37.4,36.7,82.0
2026-05-18,Ludhiana,30.23,53.5,63.0
2026-05-18,Meerut,21.15,121.4,68.5
2026-05-18,Moga,32.6,32.71,68.5
2026-05-18,Muzaffarnagar,32.58,113.87,60.0
2026-05-18,Patiala,15.7,28.5,75.0
2026-05-18,Saharanpur,27.7,48.81,68.0
2026-05-18,Sirsa,23.6,12.0,52.5
2026-05-19,Agra,24.1,33.7,59.0
2026-05-19,Ambala,28.35,66.6,67.25
2026-05-19,Amritsar,28.87,101.1,55.67
2026-05-19,Bareilly,37.2,8.13,66.0
2026-05-19,Bathinda,27.98,101.41,73.0
2026-05-19,Fatehabad,29.25,85.27,70.0
2026-05-19,Ferozepur,22.75,87.6,57.5
2026-05-19,Hisar,20.82,135.47,37.0
2026-05-19,Jalandhar,34.13,72.1,74.67
2026-05-19,Karnal,32.9,15.6,53.67
2026-05-19,Kurukshetra,28.7,0.0,83.0
2026-05-19,Ludhiana,32.4,37.6,69.0
2026-05-19,Meerut,33.9,15.55,61.5
2026-05-19,Moga,31.15,29.3,56.5
2026-05-19,Muzaffarnagar,25.4,17.6,72.5
2026-05-19,Sirsa,32.15,50.4,73.0
2026-05-20,Agra,29.0,101.1,59.67
2026-05-20,Ambala,16.2,32.51,40.0
2026-05-20,Amritsar,36.2,10.9,32.0
2026-05-20,Bareilly,27.34,92.1,60.2
2026-05-20,Fatehabad,29.57,18.4,59.0
2026-05-20,Ferozepur,20.0,44.9,31.0
2026-05-20,Hisar,30.75,99.56,72.5
2026-05-20,Jalandhar,20.6,8.7,79.0
2026-05-20,Karnal,29.87,107.84,60.0
2026-05-20,Kurukshetra,26.9,45.3,66.0
2026-05-20,Ludhiana,23.3,53.32,47.0
2026-05-20,Meerut,31.9,13.21,63.0
2026-05-20,Saharanpur,29.37,62.09,55.67
2026-05-21,Agra,29.47,62.8,64.0
2026-05-21,Ambala,22.4,9.4,89.0
2026-05-21,Amritsar,20.8,32.8,74.0
2026-05-21,Bareilly,22.97,91.8,70.0
2026-05-21,Bathinda,31.89,149.5,77.0
2026-05-21,Fatehabad,34.7,46.5,77.0
2026-05-21,Ferozepur,22.0,48.4,52.5
2026-05-21,Hisar,24.45,68.2,34.0
2026-05-21,Karnal,24.47,31.7,61.0
2026-05-21,Kurukshetra,26.97,47.9,79.67
2026-05-21,Ludhiana,25.13,226.11,73.0
2026-05-21,Meerut,18.65,0.0,61.0
2026-05-21,Moga,33.35,45.5,80.0
2026-05-21,Muzaffarnagar,26.3,135.49,62.8
2026-05-21,Patiala,31.7,58.1,76.0
2026-05-21,Saharanpur,25.1,3.3,76.0
2026-05-21,Sirsa,26.08,105.1,55.25
2026-05-22,Agra,23.1,45.72,95.0
2026-05-22,Ambala,19.05,69.62,85.0
2026-05-22,Amritsar,30.6,58.93,49.5
2026-05-22,Bareilly,35.8,76.9,76.5
2026-05-22,Bathinda,25.63,148.47,71.75
2026-05-22,Fatehabad,31.07,45.82,85.33
2026-05-22,Ferozepur,21.07,30.2,77.0
2026-05-22,Hisar,27.9,0.7,76.0
2026-05-22,Jalandhar,24.14,38.7,72.2
2026-05-22,Karnal,23.6,4.83,63.0
2026-05-22,Kurukshetra,29.0,27.69,88.0
2026-05-22,Ludhiana,19.8,0.0,72.0
2026-05-22,Meerut,24.82,176.69,88.0
2026-05-22,Moga,35.9,34.9,
2026-05-22,Muzaffarnagar,33.15,90.17,64.0
2026-05-22,Patiala,28.3,43.6,60.0
2026-05-22,Saharanpur,23.87,65.35,65.5
2026-05-22,Sirsa,33.23,50.59,66.67
2026-05-23,Agra,27.32,175.42,62.33
2026-05-23,Ambala,23.62,135.71,64.6
2026-05-23,Amritsar,29.8,77.29,61.33
2026-05-23,Bareilly,29.5,60.9,77.5
2026-05-23,Bathinda,21.7,19.3,58.33
2026-05-23,Fatehabad,28.12,132.18,55.75
2026-05-23,Ferozepur,28.34,116.87,76.6
2026-05-23,Jalandhar,28.5,99.01,62.25
2026-05-23,Karnal,29.8,73.8,45.5
2026-05-23,Kurukshetra,34.7,0.0,34.0
2026-05-23,Ludhiana,30.62,114.94,62.5
2026-05-23,Meerut,32.37,73.81,58.0
2026-05-23,Moga,32.98,36.31,50.75
2026-05-23,Saharanpur,25.0,51.93,70.0
2026-05-23,Sirsa,25.95,39.1,72.5
2026-05-24,Agra,24.27,67.31,67.33
2026-05-24,Ambala,34.6,0.0,50.0
2026-05-24,Amritsar,23.95,26.8,71.0
2026-05-24,Bareilly,36.8,35.3,39.0
2026-05-24,Bathinda,20.6,19.81,60.5
2026-05-24,Fatehabad,18.15,43.6,67.5
2026-05-24,Ferozepur,25.33,81.2,47.67
2026-05-24,Hisar,24.62,121.03,68.8
2026-05-24,Jalandhar,34.93,66.4,65.5
2026-05-24,Karnal,21.97,86.62,55.33
2026-05-24,Kurukshetra,29.53,72.1,67.67
2026-05-24,Ludhiana,25.03,64.32,54.67
2026-05-24,Meerut,29.22,61.57,60.6
2026-05-24,Moga,19.87,68.3,69.0
2026-05-24,Muzaffarnagar,15.8,49.78,92.0
2026-05-24,Patiala,25.57,80.78,76.33
2026-05-24,Saharanpur,25.9,15.8,40.0
2026-05-24,Sirsa,25.4,45.72,69.0
2026-05-25,Agra,22.0,63.6,83.0
2026-05-25,Ambala,25.62,102.99,66.67
2026-05-25,Amritsar,25.15,62.2,46.0
2026-05-25,Bareilly,27.7,58.8,64.5
2026-05-25,Bathinda,24.02,73.41,73.0
2026-05-25,Fatehabad,25.15,76.08,61.75
2026-05-25,Ferozepur,32.5,15.1,75.0
2026-05-25,Hisar,24.92,153.8,68.4
2026-05-25,Jalandhar,24.7,1.4,61.5
2026-05-25,Karnal,34.8,21.7,44.0
2026-05-25,Kurukshetra,30.78,27.1,41.67
2026-05-25,Ludhiana,31.83,63.23,54.67
2026-05-25,Meerut,25.7,28.4,85.0
2026-05-25,Moga,36.25,32.07,42.5
2026-05-25,Muzaffarnagar,32.9,21.6,82.0
2026-05-25,Patiala,28.3,30.7,73.5
2026-05-25,Saharanpur,37.4,30.73,50.0
2026-05-25,Sirsa,26.15,28.96,74.0
2026-05-26,Agra,22.61,142.03,54.57
2026-05-26,Ambala,26.7,79.7,44.5
2026-05-26,Amritsar,22.37,62.61,39.67
2026-05-26,Bareilly,32.4,45.97,51.0
2026-05-26,Bathinda,22.45,14.6,77.5
2026-05-26,Fatehabad,28.2,6.6,38.0
2026-05-26,Ferozepur,29.07,16.0,70.33
2026-05-26,Hisar,28.28,89.22,58.5
2026-05-26,Jalandhar,28.07,64.54,42.0
2026-05-26,Karnal,20.3,106.0,60.0
2026-05-26,Kurukshetra,29.9,45.97,
2026-05-26,Ludhiana,27.55,144.32,46.4
2026-05-26,Meerut,22.95,8.9,93.0
2026-05-26,Moga,31.4,34.4,71.0
2026-05-26,Muzaffarnagar,30.03,77.6,69.67
2026-05-26,Patiala,21.5,30.3,78.0
2026-05-26,Saharanpur,36.9,0.0,54.0
2026-05-26,Sirsa,25.6,17.78,45.0
2026-05-27,Agra,31.9,61.11,37.5
2026-05-27,Ambala,25.17,72.48,59.0
2026-05-27,Amritsar,37.45,37.13,48.5
2026-05-27,Bareilly,36.25,73.56,50.5
2026-05-27,Bathinda,27.87,98.07,66.67
2026-05-27,Fatehabad,26.65,94.62,71.75
2026-05-27,Ferozepur,23.33,168.95,68.71
2026-05-27,Hisar,28.1,105.9,41.0
2026-05-27,Jalandhar,28.46,104.6,52.8
2026-05-27,Karnal,25.03,163.78,59.17
2026-05-27,Kurukshetra,28.25,43.5,
2026-05-27,Ludhiana,28.15,87.6,68.25
2026-05-27,Meerut,36.2,3.5,72.0
2026-05-27,Moga,28.88,76.42,82.0
2026-05-27,Muzaffarnagar,22.25,41.4,68.0
2026-05-27,Patiala,23.9,13.72,
2026-05-27,Saharanpur,26.9,5.1,90.0
2026-05-27,Sirsa,32.4,23.61,75.67
2026-05-28,Agra,21.67,56.08,70.67
2026-05-28,Ambala,18.1,43.1,56.0
2026-05-28,Amritsar,21.55,119.54,39.6
2026-05-28,Bareilly,24.67,55.9,75.33
2026-05-28,Bathinda,18.55,6.9,84.0
2026-05-28,Fatehabad,22.22,133.61,60.8
2026-05-28,Ferozepur,26.78,85.33,63.0
2026-05-28,Hisar,31.65,59.3,53.75
2026-05-28,Jalandhar,35.6,62.27,66.5
2026-05-28,Karnal,26.9,35.31,78.0
2026-05-28,Kurukshetra,21.1,0.0,67.0
2026-05-28,Ludhiana,21.45,74.05,72.25
2026-05-28,Meerut,35.6,0.0,54.0
2026-05-28,Moga,32.87,58.92,75.33
2026-05-28,Muzaffarnagar,24.3,21.1,30.0
2026-05-28,Patiala,30.33,79.52,54.33
2026-05-28,Saharanpur,31.8,40.4,52.0
2026-05-28,Sirsa,25.75,99.3,79.75
2026-05-29,Agra,25.43,25.09,47.0
2026-05-29,Ambala,32.72,64.58,71.0
2026-05-29,Amritsar,31.8,34.7,63.5
2026-05-29,Bareilly,32.3,13.8,78.0
2026-05-29,Bathinda,28.0,92.89,66.67
2026-05-29,Fatehabad,30.7,75.61,66.5
2026-05-29,Ferozepur,26.92,70.2,67.5
2026-05-29,Hisar,23.0,101.87,75.0
2026-05-29,Jalandhar,34.3,7.4,
2026-05-29,Karnal,24.02,150.45,57.0
2026-05-29,Kurukshetra,25.7,38.57,45.0
2026-05-29,Ludhiana,15.35,53.6,92.0
2026-05-29,Meerut,28.95,36.2,64.0
2026-05-29,Moga,22.6,25.6,52.5
2026-05-29,Muzaffarnagar,20.8,35.0,73.0
2026-05-29,Patiala,24.8,65.1,59.75
2026-05-29,Saharanpur,28.0,49.13,62.67
2026-05-29,Sirsa,17.25,76.2,63.0
2026-05-30,Agra,22.33,31.9,64.0
2026-05-30,Ambala,26.17,134.52,70.4
2026-05-30,Amritsar,33.77,82.1,60.67
2026-05-30,Bareilly,32.97,100.78,56.67
2026-05-30,Bathinda,32.7,64.4,76.5
2026-05-30,Fatehabad,30.45,43.3,93.0
2026-05-30,Hisar,30.63,36.4,58.0
2026-05-30,Jalandhar,30.6,17.6,66.0
2026-05-30,Karnal,27.77,114.89,57.0
2026-05-30,Kurukshetra,29.4,63.9,60.67
2026-05-30,Meerut,25.95,61.82,59.75
2026-05-30,Moga,24.85,84.15,42.5
2026-05-30,Muzaffarnagar,34.8,27.7,50.0
2026-05-30,Patiala,15.0,3.9,60.0
2026-05-30,Saharanpur,28.58,96.62,71.4
2026-05-30,Sirsa,27.15,89.0,64.5
2026-05-31,Agra,16.5,18.8,40.0
2026-05-31,Ambala,31.05,23.37,77.0
2026-05-31,Amritsar,32.45,8.3,75.0
2026-05-31,Bathinda,25.68,153.0,69.75
2026-05-31,Fatehabad,29.25,13.21,34.0
2026-05-31,Ferozepur,29.4,47.75,52.0
2026-05-31,Hisar,21.2,27.4,75.0
2026-05-31,Jalandhar,22.98,103.4,54.75
2026-05-31,Karnal,26.95,66.56,81.0
2026-05-31,Kurukshetra,26.43,86.0,62.67
2026-05-31,Ludhiana,30.05,75.4,58.0
2026-05-31,Meerut,28.0,23.8,93.0
2026-05-31,Moga,36.0,10.41,94.0
2026-05-31,Patiala,29.82,59.0,78.75
2026-05-31,Saharanpur,21.6,3.8,88.0
2026-05-31,Sirsa,29.85,34.6,48.0
2026-06-01,Agra,31.3,104.18,58.25
2026-06-01,Ambala,38.5,42.16,75.0
2026-06-01,Amritsar,26.13,74.5,61.33
2026-06-01,Bareilly,31.48,132.44,80.0
2026-06-01,Bathinda,17.8,35.9,94.0
2026-06-01,Fatehabad,23.7,49.6,66.67
2026-06-01,Ferozepur,29.2,13.8,
2026-06-01,Hisar,21.5,57.56,56.25
2026-06-01,Jalandhar,26.25,54.89,59.75
2026-06-01,Karnal,30.2,0.0,32.0
2026-06-01,Kurukshetra,27.75,38.45,86.0
2026-06-01,Ludhiana,33.2,13.6,86.0
2026-06-01,Meerut,25.6,113.66,74.0
2026-06-01,Moga,26.78,81.43,61.25
2026-06-01,Muzaffarnagar,30.2,35.65,59.5
2026-06-01,Patiala,30.7,1.78,86.5
2026-06-01,Saharanpur,27.0,23.37,71.0
2026-06-01,Sirsa,26.4,19.6,36.0
2026-06-02,Agra,27.83,13.46,68.0
2026-06-02,Ambala,22.9,3.8,57.0
2026-06-02,Amritsar,29.6,86.0,53.0
2026-06-02,Bareilly,27.67,61.1,83.67
2026-06-02,Bathinda,21.2,35.1,56.5
2026-06-02,Fatehabad,29.66,130.86,59.8
2026-06-02,Ferozepur,32.73,89.7,74.0
2026-06-02,Hisar,28.63,134.2,60.0
2026-06-02,Jalandhar,26.0,86.65,62.75
2026-06-02,Karnal,26.95,152.99,54.0
2026-06-02,Kurukshetra,30.5,13.2,72.5
2026-06-02,Meerut,26.87,57.4,57.67
2026-06-02,Moga,21.97,62.51,62.33
2026-06-02,Patiala,30.1,18.9,55.0
2026-06-02,Saharanpur,29.0,0.0,94.0
2026-06-02,Sirsa,27.3,48.1,39.0
2026-06-03,Agra,26.7,50.38,43.5
2026-06-03,Ambala,25.48,94.5,68.33
2026-06-03,Amritsar,28.47,82.8,54.67
2026-06-03,Bareilly,21.83,54.31,46.0
2026-06-03,Bathinda,15.9,30.8,60.0
2026-06-03,Fatehabad,26.55,144.28,63.75
2026-06-03,Ferozepur,28.67,79.3,63.5
2026-06-03,Hisar,23.2,69.01,68.25
2026-06-03,Jalandhar,21.5,40.01,70.0
2026-06-03,Karnal,24.9,27.69,48.0
2026-06-03,Kurukshetra,25.65,11.18,62.5
2026-06-03,Ludhiana,28.67,41.0,60.0
2026-06-03,Meerut,28.7,91.0,68.75
2026-06-03,Moga,24.99,212.3,65.14
2026-06-03,Muzaffarnagar,26.08,34.8,61.67
2026-06-03,Patiala,33.5,82.56,62.67
2026-06-04,Agra,33.8,8.1,70.0
2026-06-04,Ambala,26.97,94.29,62.5
2026-06-04,Amritsar,28.45,69.59,75.0
2026-06-04,Bareilly,25.1,3.4,64.5
2026-06-04,Bathinda,24.3,23.5,43.0
2026-06-04,Ferozepur,27.0,90.14,70.67
2026-06-04,Hisar,31.87,94.82,65.2
2026-06-04,Jalandhar,29.4,90.66,52.5
2026-06-04,Karnal,25.12,146.09,55.8
2026-06-04,Ludhiana,28.67,123.6,62.75
2026-06-04,Meerut,18.75,84.58,84.5
2026-06-04,Moga,27.8,77.0,78.0
2026-06-04,Muzaffarnagar,22.1,37.19,59.5
2026-06-04,Patiala,26.0,56.69,76.0
2026-06-04,Saharanpur,28.5,41.4,55.0
2026-06-04,Sirsa,29.3,22.7,55.0
2026-06-05,Ambala,24.12,118.0,60.8
2026-06-05,Amritsar,39.7,24.38,50.0
2026-06-05,Bareilly,17.4,18.9,44.0
2026-06-05,Bathinda,31.55,84.5,48.0
2026-06-05,Fatehabad,25.6,85.33,72.33
2026-06-05,Ferozepur,31.3,65.5,74.5
2026-06-05,Hisar,24.72,141.45,55.67
2026-06-05,Jalandhar,31.13,57.15,36.0
2026-06-05,Karnal,26.65,43.9,61.0
2026-06-05,Kurukshetra,16.25,70.22,66.0
2026-06-05,Ludhiana,31.64,175.51,65.8
2026-06-05,Meerut,25.93,88.88,58.33
2026-06-05,Moga,26.55,165.1,64.5
2026-06-05,Muzaffarnagar,24.72,122.43,64.0
2026-06-05,Patiala,25.85,85.6,55.0
2026-06-05,Saharanpur,19.33,46.73,52.0
2026-06-06,Agra,23.0,42.85,54.67
2026-06-06,Ambala,28.3,36.3,61.0
2026-06-06,Amritsar,34.4,4.7,62.0
2026-06-06,Bareilly,20.5,30.82,61.0
2026-06-06,Bathinda,26.3,82.81,67.5
2026-06-06,Fatehabad,29.18,79.4,42.33
2026-06-06,Ferozepur,21.07,56.49,82.67
2026-06-06,Hisar,30.75,107.74,59.33
2026-06-06,Jalandhar,28.98,82.02,72.5
2026-06-06,Karnal,15.1,18.4,73.0
2026-06-06,Kurukshetra,32.3,98.45,44.0
2026-06-06,Ludhiana,26.85,45.5,45.0
2026-06-06,Meerut,30.92,96.9,47.75
2026-06-06,Moga,25.64,233.6,64.57
2026-06-06,Muzaffarnagar,31.6,0.0,53.0
2026-06-06,Patiala,24.45,73.3,47.0
2026-06-06,Saharanpur,19.5,43.0,64.0
2026-06-06,Sirsa,38.65,42.42,70.5
2026-06-07,Agra,19.4,68.7,69.67
2026-06-07,Ambala,30.45,47.4,59.5
2026-06-07,Amritsar,32.1,79.57,50.5
2026-06-07,Bareilly,21.52,90.75,61.75
2026-06-07,Bathinda,28.28,83.5,48.25
2026-06-07,Fatehabad,29.4,0.0,82.0
2026-06-07,Ferozepur,29.36,68.61,62.5
2026-06-07,Hisar,25.08,76.9,55.25
2026-06-07,Jalandhar,24.8,47.5,
2026-06-07,Karnal,31.6,77.2,58.0
2026-06-07,Kurukshetra,26.5,63.6,62.0
2026-06-07,Ludhiana,21.7,30.8,89.0
2026-06-07,Meerut,19.12,64.86,77.75
2026-06-07,Moga,21.97,112.88,39.0
2026-06-07,Muzaffarnagar,35.2,0.0,73.0
2026-06-07,Patiala,29.95,40.1,86.0
2026-06-07,Saharanpur,26.0,34.7,90.5
2026-06-07,Sirsa,21.65,24.83,49.5
2026-06-08,Ambala,32.3,59.6,64.67
2026-06-08,Amritsar,20.77,65.62,60.67
2026-06-08,Bareilly,22.28,64.98,61.25
2026-06-08,Bathinda,27.1,0.0,56.0
2026-06-08,Fatehabad,23.2,62.32,52.0
2026-06-08,Ferozepur,29.65,154.29,58.8
2026-06-08,Hisar,27.24,90.82,61.8
2026-06-08,Jalandhar,28.4,98.66,81.25
2026-06-08,Karnal,30.07,70.0,61.0
2026-06-08,Kurukshetra,32.1,63.2,38.67
2026-06-08,Ludhiana,18.8,54.59,63.0
2026-06-08,Meerut,26.73,71.06,70.0
2026-06-08,Moga,21.0,0.0,66.5
2026-06-08,Patiala,33.1,51.81,44.0
2026-06-08,Saharanpur,24.78,70.63,74.25
2026-06-08,Sirsa,30.0,62.42,61.0
2026-06-09,Agra,22.9,6.1,59.0
2026-06-09,Ambala,31.98,104.51,54.5
2026-06-09,Amritsar,31.17,115.91,57.33
2026-06-09,Bareilly,23.13,52.04,67.0
2026-06-09,Bathinda,39.3,53.47,49.0
2026-06-09,Fatehabad,27.05,41.29,91.0
2026-06-09,Ferozepur,23.32,74.58,62.67
2026-06-09,Hisar,22.7,7.62,46.0
2026-06-09,Jalandhar,15.05,8.46,81.0
2026-06-09,Karnal,31.8,74.39,61.4
2026-06-09,Kurukshetra,29.35,0.0,69.0
2026-06-09,Ludhiana,31.34,153.84,60.5
2026-06-09,Meerut,27.35,56.2,43.0
2026-06-09,Moga,30.67,128.74,79.25
2026-06-09,Muzaffarnagar,24.57,54.63,81.0
2026-06-09,Patiala,22.7,51.15,62.0
2026-06-09,Sirsa,23.92,141.4,69.0
2026-06-10,Agra,25.57,75.35,73.67
2026-06-10,Ambala,27.9,47.1,68.67
2026-06-10,Amritsar,23.9,35.81,79.0
2026-06-10,Bareilly,31.95,39.3,42.5
2026-06-10,Bathinda,33.8,47.6,70.5
2026-06-10,Fatehabad,19.47,34.85,66.5
2026-06-10,Ferozepur,25.93,35.13,72.5
2026-06-10,Hisar,24.1,41.64,40.33
2026-06-10,Jalandhar,38.9,0.0,57.0
2026-06-10,Kurukshetra,27.8,56.8,69.0
2026-06-10,Ludhiana,35.43,91.43,73.0
2026-06-10,Meerut,28.5,15.49,75.0
2026-06-10,Moga,26.5,36.58,38.0
2026-06-10,Muzaffarnagar,29.04,67.75,56.75
2026-06-10,Patiala,23.25,18.7,77.5
2026-06-10,Sirsa,22.9,41.91,61.5
2026-06-11,Agra,27.47,44.25,68.33
2026-06-11,Ambala,29.03,68.91,76.0
2026-06-11,Amritsar,18.55,33.5,63.0
2026-06-11,Bareilly,28.75,60.08,68.0
2026-06-11,Bathinda,20.83,77.26,44.0
2026-06-11,Fatehabad,26.55,105.1,61.0
2026-06-11,Ferozepur,24.7,36.89,72.0
2026-06-11,Hisar,23.1,44.1,71.33
2026-06-11,Jalandhar,32.68,57.08,47.25
2026-06-11,Karnal,28.38,103.08,59.8
2026-06-11,Kurukshetra,36.47,90.51,47.33
2026-06-11,Ludhiana,28.44,123.47,56.4
2026-06-11,Meerut,25.13,71.45,73.5
2026-06-11,Moga,30.78,101.67,59.4
2026-06-11,Muzaffarnagar,26.7,48.5,85.0
2026-06-11,Patiala,16.55,60.6,81.5
2026-06-11,Saharanpur,22.6,37.9,72.0
2026-06-11,Sirsa,35.15,22.61,68.5
2026-06-12,Agra,26.54,112.55,69.0
2026-06-12,Ambala,25.03,61.27,62.67
2026-06-12,Amritsar,24.05,48.7,65.5
2026-06-12,Bareilly,29.1,113.98,62.8
2026-06-12,Bathinda,27.0,149.2,56.2
2026-06-12,Fatehabad,25.2,17.9,49.0
2026-06-12,Ferozepur,21.13,60.8,56.0
2026-06-12,Hisar,26.85,34.7,42.0
2026-06-12,Jalandhar,30.5,82.51,52.67
2026-06-12,Karnal,21.37,34.32,57.0
2026-06-12,Kurukshetra,18.83,110.38,76.67
2026-06-12,Ludhiana,33.3,35.9,43.0
2026-06-12,Meerut,23.22,134.5,59.5
2026-06-12,Moga,26.13,89.91,44.5
2026-06-12,Muzaffarnagar,34.1,42.1,
2026-06-12,Patiala,25.35,21.6,72.5
2026-06-12,Saharanpur,30.32,146.5,59.0
2026-06-12,Sirsa,39.2,32.77,49.0
2026-06-13,Agra,26.83,100.1,57.33
2026-06-13,Ambala,31.0,9.14,57.0
2026-06-13,Amritsar,19.8,0.0,36.0
2026-06-13,Bareilly,22.5,34.26,61.5
2026-06-13,Bathinda,28.1,30.1,63.0
2026-06-13,Fatehabad,28.68,160.9,62.0
2026-06-13,Ferozepur,28.29,182.2,59.86
2026-06-13,Hisar,23.78,115.06,59.5
2026-06-13,Jalandhar,25.83,95.96,71.33
2026-06-13,Karnal,21.55,26.9,89.0
2026-06-13,Kurukshetra,33.1,18.9,83.0
2026-06-13,Ludhiana,31.25,128.99,57.0
2026-06-13,Meerut,32.2,30.0,89.0
2026-06-13,Moga,30.33,89.7,49.67
2026-06-13,Muzaffarnagar,16.6,47.24,69.0
2026-06-13,Patiala,20.8,28.96,66.0
2026-06-13,Saharanpur,26.9,70.17,79.0
2026-06-13,Sirsa,19.9,0.0,79.0
2026-06-14,Agra,27.6,99.58,71.0
2026-06-14,Ambala,23.3,69.35,68.0
2026-06-14,Amritsar,30.1,20.7,44.0
2026-06-14,Bareilly,23.8,43.4,51.0
2026-06-14,Bathinda,26.9,175.17,68.2
2026-06-14,Fatehabad,27.25,56.59,41.0
2026-06-14,Ferozepur,29.98,71.2,68.5
2026-06-14,Hisar,35.6,7.6,53.0
2026-06-14,Jalandhar,26.8,105.73,70.5
2026-06-14,Karnal,28.95,47.8,44.5
2026-06-14,Kurukshetra,24.1,42.2,41.0
2026-06-14,Ludhiana,34.1,60.4,53.67
2026-06-14,Meerut,32.25,135.2,48.25
2026-06-14,Moga,25.36,113.02,67.6
2026-06-14,Muzaffarnagar,26.47,55.49,71.33
2026-06-14,Patiala,27.63,0.0,69.5
2026-06-14,Saharanpur,17.1,5.0,46.0
2026-06-14,Sirsa,25.62,102.73,72.0
2026-06-15,Agra,25.48,94.64,56.5
2026-06-15,Ambala,24.3,13.1,68.5
2026-06-15,Amritsar,28.04,46.88,56.75
2026-06-15,Bareilly,26.52,201.71,56.8
2026-06-15,Bathinda,31.9,52.3,76.0
2026-06-15,Fatehabad,27.83,117.87,61.0
2026-06-15,Ferozepur,19.76,109.06,48.5
2026-06-15,Hisar,24.3,0.3,85.0
2026-06-15,Jalandhar,31.54,72.8,71.0
2026-06-15,Karnal,22.95,0.0,34.0
2026-06-15,Kurukshetra,27.88,197.28,54.0
2026-06-15,Ludhiana,29.17,42.3,59.0
2026-06-15,Meerut,26.77,24.38,60.0
2026-06-15,Moga,19.97,90.49,81.0
2026-06-15,Muzaffarnagar,26.3,40.0,88.0
2026-06-15,Patiala,39.9,15.4,
2026-06-15,Saharanpur,29.0,34.5,74.0
2026-06-15,Sirsa,29.43,6.3,41.33
2026-06-16,Agra,30.5,46.18,88.0
2026-06-16,Ambala,28.9,126.12,50.5
2026-06-16,Amritsar,32.78,99.5,48.25
2026-06-16,Bareilly,29.3,56.8,46.0
2026-06-16,Bathinda,20.45,80.1,51.5
2026-06-16,Fatehabad,29.7,41.62,78.67
2026-06-16,Hisar,38.5,15.24,30.0
2026-06-16,Jalandhar,36.1,3.6,46.0
2026-06-16,Karnal,24.12,81.13,56.6
2026-06-16,Kurukshetra,25.8,29.3,78.0
2026-06-16,Ludhiana,19.92,67.34,64.67
2026-06-16,Meerut,28.73,30.5,37.33
2026-06-16,Moga,31.4,64.5,43.5
2026-06-16,Muzaffarnagar,35.3,32.2,
2026-06-16,Patiala,33.88,81.0,61.75
2026-06-16,Saharanpur,31.12,68.7,61.25
2026-06-16,Sirsa,18.95,24.2,
2026-06-17,Agra,19.1,0.0,
2026-06-17,Ambala,32.3,20.5,59.0
2026-06-17,Bareilly,28.57,0.51,60.0
2026-06-17,Bathinda,22.25,35.05,65.0
2026-06-17,Fatehabad,31.3,109.48,68.5
2026-06-17,Ferozepur,26.0,74.85,46.67
2026-06-17,Hisar,26.9,40.4,
2026-06-17,Jalandhar,29.4,70.12,70.75
2026-06-17,Karnal,24.93,99.72,66.0
2026-06-17,Kurukshetra,28.08,102.93,84.0
2026-06-17,Ludhiana,30.22,9.14,36.25
2026-06-17,Meerut,29.23,173.62,55.67
2026-06-17,Moga,29.53,68.4,54.0
2026-06-17,Muzaffarnagar,23.8,57.65,64.5
2026-06-17,Patiala,25.1,43.3,69.0
2026-06-17,Saharanpur,28.07,17.8,63.33
2026-06-18,Agra,27.61,114.8,69.14
2026-06-18,Ambala,29.17,76.96,74.33
2026-06-18,Amritsar,23.38,169.71,76.25
2026-06-18,Bareilly,32.77,67.0,44.33
2026-06-18,Bathinda,24.2,29.0,85.0
2026-06-18,Fatehabad,21.75,56.5,64.25
2026-06-18,Ferozepur,24.4,165.44,72.33
2026-06-18,Hisar,27.95,25.6,90.0
2026-06-18,Jalandhar,36.3,6.7,69.0
2026-06-18,Karnal,20.2,17.1,50.0
2026-06-18,Kurukshetra,29.1,44.8,73.5
2026-06-18,Ludhiana,27.33,94.0,66.0
2026-06-18,Moga,26.06,101.5,59.5
2026-06-18,Muzaffarnagar,23.7,0.0,63.0
2026-06-18,Patiala,17.3,69.7,32.0
2026-06-18,Saharanpur,17.88,76.17,39.0
2026-06-18,Sirsa,23.9,97.7,44.0
2026-06-19,Agra,32.6,43.68,69.0
2026-06-19,Ambala,31.45,64.75,80.5
2026-06-19,Amritsar,25.63,94.81,70.67
2026-06-19,Bareilly,28.55,51.1,44.5
2026-06-19,Bathinda,27.77,118.78,52.0
2026-06-19,Fatehabad,28.95,87.0,70.0
2026-06-19,Ferozepur,22.5,110.12,67.6
2026-06-19,Hisar,24.66,163.84,73.4
2026-06-19,Jalandhar,37.5,0.0,54.0
2026-06-19,Karnal,23.4,8.38,37.0
2026-06-19,Kurukshetra,26.32,99.76,80.0
2026-06-19,Ludhiana,32.4,41.79,58.5
2026-06-19,Meerut,33.5,35.2,32.0
2026-06-19,Moga,23.98,130.69,58.2
2026-06-19,Muzaffarnagar,28.85,25.91,84.0
2026-06-19,Patiala,22.63,85.72,40.0
2026-06-19,Saharanpur,27.68,117.79,74.5
2026-06-19,Sirsa,24.77,69.3,75.67
2026-06-20,Agra,26.92,118.12,76.0
2026-06-20,Ambala,37.5,44.9,62.0
2026-06-20,Bareilly,27.77,50.1,62.0
2026-06-20,Ferozepur,28.12,135.3,47.5
2026-06-20,Hisar,26.72,57.6,57.33
2026-06-20,Jalandhar,25.1,89.42,59.4
2026-06-20,Karnal,22.7,0.0,87.0
2026-06-20,Kurukshetra,33.6,24.7,46.0
2026-06-20,Ludhiana,26.12,50.66,66.25
2026-06-20,Meerut,26.3,61.1,41.67
2026-06-20,Moga,28.0,12.89,58.0
2026-06-20,Saharanpur,21.5,8.4,93.0
2026-06-20,Sirsa,29.8,46.9,
2026-06-21,Agra,33.57,68.71,52.33
2026-06-21,Ambala,28.66,87.72,72.5
2026-06-21,Amritsar,23.88,112.59,60.17
2026-06-21,Bareilly,28.75,50.0,36.0
2026-06-21,Bathinda,33.12,88.98,62.75
2026-06-21,Fatehabad,31.55,45.8,55.5
2026-06-21,Ferozepur,21.6,34.78,76.0
2026-06-21,Jalandhar,22.95,110.2,48.0
2026-06-21,Karnal,24.3,101.8,84.5
2026-06-21,Kurukshetra,26.74,136.69,53.25
2026-06-21,Ludhiana,24.8,30.9,
2026-06-21,Meerut,26.15,92.8,53.75
2026-06-21,Moga,29.43,64.03,58.67
2026-06-21,Muzaffarnagar,25.4,20.83,57.0
2026-06-21,Saharanpur,28.5,5.08,41.0
2026-06-21,Sirsa,22.05,50.6,41.0
2026-06-22,Agra,25.33,143.26,54.0
2026-06-22,Ambala,31.43,36.87,68.0
2026-06-22,Amritsar,26.58,59.45,50.75
2026-06-22,Bareilly,28.6,42.2,74.5
2026-06-22,Bathinda,35.0,52.9,78.0
2026-06-22,Fatehabad,24.0,32.7,54.0
2026-06-22,Ferozepur,25.58,67.78,81.0
2026-06-22,Hisar,24.5,38.16,85.25
2026-06-22,Jalandhar,21.57,70.5,62.33
2026-06-22,Karnal,24.4,20.83,52.0
2026-06-22,Kurukshetra,21.22,84.8,57.33
2026-06-22,Ludhiana,29.28,105.94,68.25
2026-06-22,Meerut,21.23,33.4,68.0
2026-06-22,Moga,18.03,28.87,53.5
2026-06-22,Muzaffarnagar,24.27,94.11,65.33
2026-06-22,Patiala,23.58,20.5,73.5
2026-06-22,Saharanpur,27.82,100.61,85.67
2026-06-22,Sirsa,35.1,0.0,36.0
2026-06-23,Agra,25.45,65.39,67.0
2026-06-23,Ambala,24.3,1.3,30.0
2026-06-23,Amritsar,33.8,59.0,64.67
2026-06-23,Bareilly,30.45,100.4,51.5
2026-06-23,Bathinda,31.38,131.61,58.25
2026-06-23,Fatehabad,27.93,103.42,65.0
2026-06-23,Ferozepur,31.4,76.28,71.5
2026-06-23,Hisar,25.28,47.1,76.67
2026-06-23,Jalandhar,29.75,56.13,61.5
2026-06-23,Karnal,26.9,56.9,47.5
2026-06-23,Kurukshetra,23.0,16.9,83.0
2026-06-23,Ludhiana,27.0,13.72,47.0
2026-06-23,Meerut,28.05,27.69,61.5
2026-06-23,Moga,28.42,82.44,63.67
2026-06-23,Muzaffarnagar,31.0,44.78,58.5
2026-06-23,Saharanpur,27.08,155.9,59.8
2026-06-23,Sirsa,16.4,0.7,81.0
2026-06-24,Agra,23.7,1.8,34.0
2026-06-24,Ambala,34.8,3.2,85.0
2026-06-24,Amritsar,25.3,14.4,86.0
2026-06-24,Bareilly,29.9,36.83,43.0
2026-06-24,Bathinda,23.1,80.85,67.33
2026-06-24,Fatehabad,35.5,78.81,67.0
2026-06-24,Ferozepur,26.05,45.72,42.0
2026-06-24,Hisar,26.15,49.1,54.5
2026-06-24,Jalandhar,29.74,138.84,54.5
2026-06-24,Karnal,33.22,102.58,68.33
2026-06-24,Kurukshetra,28.12,93.3,55.75
2026-06-24,Ludhiana,26.13,138.37,58.33
2026-06-24,Meerut,24.92,44.64,67.0
2026-06-24,Moga,30.23,90.82,56.67
2026-06-24,Muzaffarnagar,38.7,9.4,
2026-06-24,Sirsa,28.07,29.4,79.33
2026-06-25,Agra,35.2,29.7,30.0
2026-06-25,Ambala,26.9,15.5,67.0
2026-06-25,Amritsar,27.8,111.89,64.33
2026-06-25,Bareilly,24.4,100.62,80.67
2026-06-25,Bathinda,33.65,49.41,57.0
2026-06-25,Fatehabad,27.75,61.17,54.33
2026-06-25,Ferozepur,32.16,177.19,48.6
2026-06-25,Hisar,33.92,90.88,58.4
2026-06-25,Jalandhar,26.15,34.5,78.5
2026-06-25,Karnal,20.7,45.9,
2026-06-25,Kurukshetra,27.4,84.08,86.75
2026-06-25,Ludhiana,32.6,29.7,48.0
2026-06-25,Meerut,25.52,113.12,58.25
2026-06-25,Moga,28.98,62.35,81.75
2026-06-25,Muzaffarnagar,23.35,91.81,57.0
2026-06-25,Patiala,28.98,108.91,81.0
2026-06-25,Saharanpur,26.58,71.8,57.5
2026-06-26,Agra,21.3,26.5,
2026-06-26,Ambala,26.4,53.99,85.5
2026-06-26,Amritsar,19.83,72.3,69.0
2026-06-26,Bareilly,18.1,25.5,42.0
2026-06-26,Bathinda,21.27,87.9,72.0
2026-06-26,Fatehabad,21.73,47.49,62.5
2026-06-26,Ferozepur,28.84,108.28,53.2
2026-06-26,Hisar,30.8,25.55,57.0
2026-06-26,Jalandhar,34.95,74.64,54.0
2026-06-26,Karnal,26.7,36.4,77.0
2026-06-26,Kurukshetra,15.3,30.23,85.0
2026-06-26,Ludhiana,21.97,55.89,74.0
2026-06-26,Meerut,24.45,33.6,68.67
2026-06-26,Moga,34.57,67.46,78.33
2026-06-26,Muzaffarnagar,28.7,33.4,72.0
2026-06-26,Patiala,32.35,47.1,83.0
2026-06-26,Saharanpur,20.7,27.18,
2026-06-26,Sirsa,29.6,10.41,48.0
2026-06-27,Agra,27.05,49.02,49.5
2026-06-27,Ambala,23.04,35.61,64.2
2026-06-27,Amritsar,25.0,102.08,62.25
2026-06-27,Bareilly,24.75,73.8,87.5
2026-06-27,Bathinda,27.8,157.7,64.57
2026-06-27,Fatehabad,35.95,28.96,66.0
2026-06-27,Ferozepur,23.15,57.0,41.5
2026-06-27,Hisar,24.07,79.1,72.67
2026-06-27,Jalandhar,25.26,114.02,77.4
2026-06-27,Karnal,31.1,42.03,65.0
2026-06-27,Kurukshetra,36.12,79.94,57.25
2026-06-27,Ludhiana,35.85,0.0,42.0
2026-06-27,Meerut,31.17,92.07,40.5
2026-06-27,Moga,28.07,55.4,78.0
2026-06-27,Muzaffarnagar,35.25,62.0,63.0
2026-06-27,Patiala,36.2,0.0,74.0
2026-06-27,Saharanpur,28.05,64.33,39.5
2026-06-28,Agra,25.1,35.05,51.0
2026-06-28,Ambala,26.33,55.3,55.33
2026-06-28,Amritsar,31.03,87.9,84.67
2026-06-28,Bareilly,34.6,52.61,47.0
2026-06-28,Fatehabad,24.23,85.2,80.67
2026-06-28,Ferozepur,35.1,27.7,44.0
2026-06-28,Hisar,23.8,33.8,86.0
2026-06-28,Jalandhar,24.97,64.1,73.67
2026-06-28,Karnal,29.07,68.07,59.0
2026-06-28,Kurukshetra,31.45,57.01,40.0
2026-06-28,Ludhiana,29.0,31.24,68.0
2026-06-28,Meerut,30.1,74.3,55.33
2026-06-28,Moga,20.25,90.3,65.0
2026-06-28,Patiala,32.6,45.1,
2026-06-28,Saharanpur,24.66,149.13,65.8
2026-06-29,Agra,31.86,105.46,59.25
2026-06-29,Ambala,24.7,0.3,46.0
2026-06-29,Amritsar,31.12,55.5,63.33
2026-06-29,Bareilly,24.67,94.61,53.0
2026-06-29,Bathinda,26.58,64.01,39.0
2026-06-29,Fatehabad,31.08,20.8,78.6
2026-06-29,Ferozepur,34.0,24.6,56.67
2026-06-29,Hisar,26.4,113.01,74.33
2026-06-29,Jalandhar,29.88,87.27,57.5
2026-06-29,Karnal,31.8,102.3,57.5
2026-06-29,Kurukshetra,36.4,14.22,37.0
2026-06-29,Ludhiana,18.37,66.6,54.67
2026-06-29,Meerut,27.8,43.2,50.0
2026-06-29,Moga,33.5,0.0,49.0
2026-06-29,Muzaffarnagar,22.2,60.8,53.33
2026-06-29,Patiala,19.7,97.6,55.75
2026-06-29,Saharanpur,35.05,77.6,94.0
2026-06-29,Sirsa,36.3,52.4,61.5
2026-06-30,Ambala,31.95,26.2,55.5
2026-06-30,Amritsar,33.83,6.7,84.67
2026-06-30,Bareilly,32.8,70.54,49.75
2026-06-30,Bathinda,22.08,68.8,67.67
2026-06-30,Fatehabad,32.53,66.89,65.0
2026-06-30,Ferozepur,17.2,6.6,55.0
2026-06-30,Hisar,26.37,37.7,56.33
2026-06-30,Jalandhar,21.3,13.2,65.0
2026-06-30,Karnal,28.15,84.47,61.75
2026-06-30,Kurukshetra,24.25,0.0,85.0
2026-06-30,Ludhiana,27.3,99.17,57.33
2026-06-30,Meerut,28.32,131.85,75.5
2026-06-30,Moga,22.18,153.9,71.0
2026-06-30,Muzaffarnagar,29.8,80.1,55.33
2026-06-30,Patiala,34.5,13.97,60.0
2026-06-30,Saharanpur,33.9,41.9,65.5
2026-06-30,Sirsa,23.85,37.92,49.5
2026-07-01,Agra,34.9,44.7,66.5
2026-07-01,Ambala,36.45,26.0,42.5
2026-07-01,Amritsar,20.6,76.4,58.5
2026-07-01,Bareilly,25.63,86.7,85.33
2026-07-01,Bathinda,21.45,56.41,53.5
2026-07-01,Fatehabad,32.75,58.2,69.0
2026-07-01,Ferozepur,26.0,54.73,85.5
2026-07-01,Hisar,25.52,121.6,67.0
2026-07-01,Jalandhar,29.2,42.93,45.0
2026-07-01,Karnal,40.0,16.5,78.0
2026-07-01,Kurukshetra,33.95,59.13,53.0
2026-07-01,Ludhiana,23.53,10.7,35.0
2026-07-01,Meerut,28.93,106.1,42.25
2026-07-01,Moga,26.17,29.82,52.67
2026-07-01,Saharanpur,21.93,57.09,78.0
2026-07-01,Sirsa,25.2,43.0,83.5
2026-07-02,Agra,26.0,164.33,50.8
2026-07-02,Bareilly,30.6,151.25,70.8
2026-07-02,Bathinda,18.5,0.0,
2026-07-02,Fatehabad,36.4,0.0,74.0
2026-07-02,Ferozepur,27.7,49.7,74.0
2026-07-02,Jalandhar,32.84,52.9,58.8
2026-07-02,Karnal,35.9,20.79,55.5
2026-07-02,Kurukshetra,27.54,156.18,57.14
2026-07-02,Ludhiana,30.7,108.0,56.0
2026-07-02,Meerut,30.5,122.8,55.0
2026-07-02,Moga,21.0,7.9,82.0
2026-07-02,Muzaffarnagar,26.4,19.56,50.0
2026-07-02,Patiala,30.38,59.88,61.0
2026-07-02,Saharanpur,17.7,25.65,
2026-07-02,Sirsa,27.9,62.6,54.0
2026-07-03,Agra,24.5,58.8,64.0
2026-07-03,Ambala,20.85,0.0,45.0
2026-07-03,Amritsar,28.72,107.62,87.0
2026-07-03,Bareilly,21.5,53.8,54.0
2026-07-03,Bathinda,25.8,22.8,62.0
2026-07-03,Fatehabad,23.0,148.3,77.67
2026-07-03,Ferozepur,24.03,104.18,63.0
2026-07-03,Hisar,34.6,42.7,93.0
2026-07-03,Jalandhar,22.62,173.64,69.5
2026-07-03,Karnal,27.37,45.96,55.0
2026-07-03,Kurukshetra,29.0,146.0,57.0
2026-07-03,Ludhiana,26.1,75.14,65.5
2026-07-03,Meerut,25.2,13.3,66.0
2026-07-03,Moga,21.98,99.9,63.25
2026-07-03,Muzaffarnagar,36.2,35.7,59.0
2026-07-03,Patiala,22.4,96.77,58.33
2026-07-03,Saharanpur,24.05,45.3,49.5
2026-07-03,Sirsa,18.83,33.4,34.0
2026-07-04,Agra,29.58,70.9,72.6
2026-07-04,Ambala,20.33,50.9,69.5
2026-07-04,Amritsar,25.2,9.4,49.5
2026-07-04,Bareilly,29.7,90.27,54.4
2026-07-04,Bathinda,29.5,43.37,68.33
2026-07-04,Ferozepur,27.1,77.22,56.0
2026-07-04,Hisar,32.1,96.29,59.0
2026-07-04,Jalandhar,31.0,99.11,44.33
2026-07-04,Karnal,28.8,52.26,77.8
2026-07-04,Kurukshetra,29.8,157.57,63.17
2026-07-04,Ludhiana,28.72,34.09,56.75
2026-07-04,Meerut,25.84,134.64,79.5
2026-07-04,Moga,25.5,40.0,63.0
2026-07-04,Muzaffarnagar,32.2,48.9,45.0
2026-07-04,Patiala,23.25,54.5,60.5
2026-07-04,Saharanpur,36.7,3.6,32.0
2026-07-04,Sirsa,23.0,5.1,84.0
2026-07-05,Agra,31.52,127.89,64.67
2026-07-05,Ambala,23.43,63.5,68.0
2026-07-05,Amritsar,24.1,44.01,51.5
2026-07-05,Bareilly,27.17,98.37,35.5
2026-07-05,Bathinda,22.15,96.7,62.67
2026-07-05,Fatehabad,27.65,87.8,61.25
2026-07-05,Ferozepur,36.4,31.8,74.0
2026-07-05,Hisar,29.2,15.3,92.0
2026-07-05,Jalandhar,19.13,157.9,57.5
2026-07-05,Karnal,26.5,42.4,70.67
2026-07-05,Kurukshetra,39.33,34.9,70.33
2026-07-05,Meerut,29.0,88.87,56.4
2026-07-05,Moga,21.83,47.27,62.33
2026-07-05,Muzaffarnagar,36.8,70.5,60.5
2026-07-05,Patiala,27.4,36.32,37.0
2026-07-05,Saharanpur,28.7,81.18,31.0
2026-07-05,Sirsa,35.6,29.4,85.0
2026-07-06,Agra,18.3,8.2,67.0
2026-07-06,Ambala,32.8,0.0,70.0
2026-07-06,Amritsar,34.1,25.65,71.0
2026-07-06,Bareilly,22.4,88.1,60.75
2026-07-06,Bathinda,33.0,58.2,57.0
2026-07-06,Fatehabad,23.05,19.0,79.5
2026-07-06,Ferozepur,22.33,51.9,71.0
2026-07-06,Hisar,30.27,25.88,67.0
2026-07-06,Jalandhar,33.03,57.9,78.0
2026-07-06,Karnal,19.67,38.02,55.33
2026-07-06,Kurukshetra,32.18,86.28,46.5
2026-07-06,Ludhiana,29.87,83.82,72.0
2026-07-06,Meerut,28.8,40.2,85.0
2026-07-06,Moga,29.3,32.31,55.25
2026-07-06,Muzaffarnagar,37.0,47.8,
2026-07-06,Patiala,26.8,25.0,41.0
2026-07-06,Saharanpur,36.3,35.31,78.0
2026-07-07,Agra,30.1,7.7,38.0
2026-07-07,Ambala,22.62,53.51,45.75
2026-07-07,Amritsar,24.95,54.56,63.67
2026-07-07,Bareilly,27.77,215.26,55.33
2026-07-07,Bathinda,21.5,70.22,80.0
2026-07-07,Fatehabad,24.45,23.61,54.5
2026-07-07,Hisar,22.2,7.2,69.0
2026-07-07,Jalandhar,22.5,80.9,50.33
2026-07-07,Karnal,30.14,111.8,65.17
2026-07-07,Kurukshetra,30.8,34.3,51.0
2026-07-07,Ludhiana,28.73,164.53,71.33
2026-07-07,Meerut,31.43,14.48,61.0
2026-07-07,Moga,27.9,39.56,65.5
2026-07-07,Muzaffarnagar,19.1,5.2,83.0
2026-07-07,Patiala,27.4,19.4,37.0
2026-07-07,Saharanpur,29.2,28.8,55.0
2026-07-07,Sirsa,20.4,16.7,63.0
2026-07-08,Agra,27.52,112.3,55.0
2026-07-08,Ambala,31.9,0.0,87.0
2026-07-08,Amritsar,25.65,74.8,72.0
2026-07-08,Bareilly,25.0,54.93,51.33
2026-07-08,Bathinda,32.13,44.1,71.33
2026-07-08,Fatehabad,26.15,58.28,39.0
2026-07-08,Ferozepur,28.17,131.48,55.0
2026-07-08,Hisar,21.76,196.29,47.8
2026-07-08,Jalandhar,32.57,45.2,51.33
2026-07-08,Karnal,29.45,105.4,48.5
2026-07-08,Kurukshetra,24.5,10.3,79.0
2026-07-08,Ludhiana,28.03,126.81,53.43
2026-07-08,Meerut,19.05,55.7,34.0
2026-07-08,Moga,34.33,65.2,46.67
2026-07-08,Muzaffarnagar,31.32,157.53,69.4
2026-07-08,Patiala,23.42,122.19,65.4
2026-07-08,Saharanpur,25.28,161.54,51.67
2026-07-09,Agra,29.32,116.38,63.5
2026-07-09,Ambala,27.0,17.9,86.5
2026-07-09,Amritsar,30.03,25.65,78.5
2026-07-09,Bareilly,20.7,16.5,52.0
2026-07-09,Bathinda,23.78,46.0,77.5
2026-07-09,Fatehabad,15.1,24.13,43.0
2026-07-09,Ferozepur,26.9,47.5,70.25
2026-07-09,Jalandhar,28.66,112.1,55.8
2026-07-09,Karnal,21.7,116.18,63.75
2026-07-09,Kurukshetra,30.68,73.63,64.5
2026-07-09,Ludhiana,22.4,0.0,32.0
2026-07-09,Meerut,23.04,79.98,58.2
2026-07-09,Moga,25.45,53.0,61.0
2026-07-09,Muzaffarnagar,19.9,0.0,83.0
2026-07-09,Patiala,29.55,80.11,78.0
2026-07-09,Saharanpur,31.73,72.41,53.67
2026-07-09,Sirsa,33.85,36.1,56.5
2026-07-10,Agra,27.3,83.3,68.0
2026-07-10,Ambala,30.54,201.99,67.0
2026-07-10,Amritsar,28.07,84.62,56.6
2026-07-10,Bareilly,26.2,28.7,60.5
2026-07-10,Bathinda,25.0,49.0,84.0
2026-07-10,Fatehabad,19.8,27.6,65.0
2026-07-10,Ferozepur,23.63,32.82,56.33
2026-07-10,Jalandhar,29.3,121.04,72.67
2026-07-10,Karnal,26.74,76.49,50.75
2026-07-10,Kurukshetra,24.45,103.5,56.25
2026-07-10,Ludhiana,31.1,38.5,74.5
2026-07-10,Meerut,28.32,112.72,62.75
2026-07-10,Moga,23.3,26.5,47.0
2026-07-10,Patiala,23.4,74.6,69.0
2026-07-10,Saharanpur,34.25,12.3,34.0
2026-07-10,Sirsa,25.6,49.3,86.0
2026-07-11,Agra,23.1,21.12,47.0
2026-07-11,Ambala,28.45,10.7,68.5
2026-07-11,Amritsar,33.32,89.1,62.5
2026-07-11,Bathinda,16.0,0.0,86.0
2026-07-11,Fatehabad,25.65,28.69,61.0
2026-07-11,Ferozepur,27.5,101.8,51.14
2026-07-11,Hisar,32.2,9.2,67.0
2026-07-11,Jalandhar,38.8,17.02,
2026-07-11,Karnal,32.28,217.15,52.5
2026-07-11,Kurukshetra,27.69,90.61,65.67
2026-07-11,Meerut,16.2,0.0,40.0
2026-07-11,Muzaffarnagar,20.0,85.12,57.0
2026-07-11,Patiala,24.9,49.67,64.0
2026-07-11,Saharanpur,28.8,43.18,
2026-07-11,Sirsa,30.5,49.5,67.0
2026-07-12,Agra,29.32,48.7,62.33
2026-07-12,Ambala,25.35,103.6,72.5
2026-07-12,Amritsar,22.04,47.5,67.0
2026-07-12,Bareilly,24.2,35.5,33.0
2026-07-12,Bathinda,39.1,0.0,46.0
2026-07-12,Fatehabad,28.5,17.3,70.0
2026-07-12,Ferozepur,31.0,69.32,66.5
2026-07-12,Hisar,24.65,96.1,58.83
2026-07-12,Karnal,25.42,98.78,69.0
2026-07-12,Kurukshetra,20.8,32.3,90.0
2026-07-12,Ludhiana,34.38,165.5,56.67
2026-07-12,Meerut,21.9,29.1,32.0
2026-07-12,Moga,33.7,59.1,61.33
2026-07-12,Muzaffarnagar,31.13,72.8,67.0
2026-07-12,Patiala,33.17,51.69,77.0
2026-07-12,Saharanpur,27.95,28.7,74.0
2026-07-12,Sirsa,24.65,63.6,49.5
2026-07-13,Agra,28.15,103.05,78.67
2026-07-13,Ambala,28.65,0.0,71.0
2026-07-13,Amritsar,35.83,25.42,67.67
2026-07-13,Bareilly,27.02,109.3,51.0
2026-07-13,Ferozepur,26.97,50.39,61.33
2026-07-13,Hisar,30.4,2.29,48.5
2026-07-13,Jalandhar,26.27,33.39,70.5
2026-07-13,Karnal,34.27,142.44,68.6
2026-07-13,Ludhiana,28.2,116.26,55.0
2026-07-13,Meerut,26.23,67.51,55.33
2026-07-13,Moga,28.34,128.91,51.2
2026-07-13,Patiala,25.52,62.41,58.5
2026-07-13,Saharanpur,22.0,14.99,
2026-07-13,Sirsa,36.3,8.13,33.0
2026-07-14,Agra,36.4,13.4,66.0
2026-07-14,Ambala,25.53,71.58,95.0
2026-07-14,Bareilly,28.92,146.0,63.0
2026-07-14,Bathinda,33.32,112.81,64.6
2026-07-14,Fatehabad,19.87,36.32,43.0
2026-07-14,Ferozepur,26.4,33.6,64.0
2026-07-14,Hisar,29.05,12.0,49.5
2026-07-14,Jalandhar,22.67,84.58,89.33
2026-07-14,Karnal,32.33,54.94,55.5
2026-07-14,Kurukshetra,28.72,64.91,66.4
2026-07-14,Ludhiana,29.27,9.2,47.33
2026-07-14,Meerut,39.5,16.76,86.0
2026-07-14,Moga,23.62,103.4,50.75
2026-07-14,Muzaffarnagar,30.3,32.6,65.0
2026-07-14,Patiala,31.85,57.03,40.5
2026-07-14,Sirsa,26.05,42.2,57.5
2026-07-15,Agra,22.12,107.29,34.0
2026-07-15,Ambala,28.33,35.74,55.33
2026-07-15,Amritsar,24.27,35.0,67.5
2026-07-15,Bareilly,34.4,49.8,43.5
2026-07-15,Bathinda,23.3,26.6,54.0
2026-07-15,Fatehabad,27.28,22.86,67.67
2026-07-15,Hisar,30.5,41.0,
2026-07-15,Jalandhar,31.95,67.13,57.0
2026-07-15,Karnal,21.0,8.1,46.0
2026-07-15,Kurukshetra,36.3,98.9,59.33
2026-07-15,Ludhiana,24.4,28.3,48.0
2026-07-15,Meerut,31.05,19.4,70.33
2026-07-15,Moga,25.35,56.7,47.5
2026-07-15,Muzaffarnagar,31.4,0.0,49.0
2026-07-15,Patiala,28.0,29.8,41.0
2026-07-15,Saharanpur,24.1,88.5,44.5
2026-07-16,Agra,26.95,0.0,53.0
2026-07-16,Ambala,28.05,48.7,48.5
2026-07-16,Amritsar,33.2,6.8,36.0
2026-07-16,Bareilly,22.5,47.25,81.0
2026-07-16,Bathinda,38.4,16.2,38.0
2026-07-16,Fatehabad,20.9,47.9,31.0
2026-07-16,Ferozepur,23.27,131.07,68.17
2026-07-16,Jalandhar,20.72,12.1,64.75
2026-07-16,Karnal,27.48,92.22,53.6
2026-07-16,Kurukshetra,26.78,25.89,72.5
2026-07-16,Meerut,27.23,78.94,67.33
2026-07-16,Moga,26.0,43.18,31.0
2026-07-16,Muzaffarnagar,29.37,209.13,55.5
2026-07-16,Patiala,28.12,202.68,64.67
2026-07-16,Saharanpur,26.8,99.52,46.5
2026-07-16,Sirsa,26.4,0.0,82.0
2026-07-17,Agra,23.9,90.26,52.0
2026-07-17,Ambala,29.93,155.56,64.6
2026-07-17,Amritsar,32.97,65.53,55.0
2026-07-17,Bareilly,23.63,56.38,66.17
2026-07-17,Bathinda,29.65,16.9,62.5
2026-07-17,Fatehabad,21.4,151.4,62.5
2026-07-17,Ferozepur,19.6,47.7,60.67
2026-07-17,Hisar,19.15,18.58,66.5
2026-07-17,Jalandhar,21.8,20.5,65.0
2026-07-17,Karnal,18.65,172.39,72.0
2026-07-17,Kurukshetra,27.75,69.88,61.25
2026-07-17,Meerut,21.65,87.1,64.0
2026-07-17,Moga,28.82,80.06,67.33
2026-07-17,Muzaffarnagar,28.05,9.91,66.0
2026-07-17,Patiala,24.05,77.29,94.0
2026-07-17,Saharanpur,24.0,12.7,51.0
2026-07-17,Sirsa,24.13,96.0,64.0
2026-07-18,Agra,19.7,4.8,72.0
2026-07-18,Ambala,36.17,63.5,72.67
2026-07-18,Amritsar,28.47,94.4,41.33
2026-07-18,Bareilly,28.27,70.03,73.67
2026-07-18,Bathinda,22.13,51.6,61.0
2026-07-18,Fatehabad,29.5,90.68,58.17
2026-07-18,Ferozepur,22.7,22.3,39.5
2026-07-18,Hisar,39.9,36.0,52.0
2026-07-18,Jalandhar,25.95,46.01,63.5
2026-07-18,Kurukshetra,21.5,45.1,75.0
2026-07-18,Ludhiana,36.4,57.28,35.0
2026-07-18,Meerut,17.0,39.1,53.0
2026-07-18,Moga,31.23,60.2,73.67
2026-07-18,Muzaffarnagar,38.0,43.69,78.0
2026-07-18,Patiala,24.5,18.7,63.0
2026-07-18,Saharanpur,38.2,13.0,
2026-07-18,Sirsa,27.9,36.58,64.0
2026-07-19,Agra,29.0,6.1,58.0
2026-07-19,Ambala,19.9,95.45,61.75
2026-07-19,Amritsar,25.3,7.87,52.33
2026-07-19,Bareilly,22.7,43.43,55.0
2026-07-19,Bathinda,28.67,80.56,52.5
2026-07-19,Fatehabad,26.98,37.81,62.75
2026-07-19,Ferozepur,24.88,66.96,62.67
2026-07-19,Hisar,22.23,94.8,47.5
2026-07-19,Jalandhar,29.9,54.82,38.0
2026-07-19,Karnal,23.07,57.15,48.33
2026-07-19,Ludhiana,29.97,27.37,69.67
2026-07-19,Meerut,25.72,92.18,67.25
2026-07-19,Moga,27.05,79.26,53.5
2026-07-19,Muzaffarnagar,27.83,33.0,66.33
2026-07-19,Saharanpur,15.3,23.9,53.0
2026-07-19,Sirsa,30.2,24.0,31.0
2026-07-20,Agra,33.93,74.42,56.0
2026-07-20,Ambala,28.15,50.7,74.5
2026-07-20,Amritsar,18.8,4.1,32.0
2026-07-20,Bareilly,32.58,75.97,71.4
2026-07-20,Bathinda,30.65,71.25,49.0
2026-07-20,Fatehabad,35.8,2.54,74.0
2026-07-20,Ferozepur,28.23,106.87,58.67
2026-07-20,Hisar,32.6,0.0,50.0
2026-07-20,Jalandhar,20.63,40.0,68.33
2026-07-20,Karnal,22.3,166.1,49.6
2026-07-20,Kurukshetra,28.25,14.4,48.0
2026-07-20,Ludhiana,28.0,48.77,90.0
2026-07-20,Meerut,34.7,6.6,48.0
2026-07-20,Moga,18.4,32.2,71.0
2026-07-20,Muzaffarnagar,19.08,115.47,80.25
2026-07-20,Patiala,26.7,129.9,64.75
2026-07-20,Saharanpur,27.2,122.93,65.0
2026-07-20,Sirsa,33.6,28.9,90.0
2026-07-21,Agra,24.1,110.8,67.33
2026-07-21,Ambala,26.9,39.7,82.0
2026-07-21,Amritsar,21.57,10.27,71.5
2026-07-21,Bareilly,37.0,56.2,33.0
2026-07-21,Bathinda,39.25,46.89,43.0
2026-07-21,Fatehabad,31.47,44.5,61.33
2026-07-21,Ferozepur,26.53,49.97,66.67
2026-07-21,Hisar,30.43,62.7,48.0
2026-07-21,Jalandhar,19.6,15.6,81.0
2026-07-21,Karnal,27.98,166.61,67.4
2026-07-21,Ludhiana,23.27,90.53,81.67
2026-07-21,Meerut,32.1,46.74,51.0
2026-07-21,Moga,27.4,51.83,60.0
2026-07-21,Muzaffarnagar,31.53,86.4,54.0
2026-07-21,Patiala,34.3,2.4,54.0
2026-07-21,Saharanpur,31.08,43.36,82.0
2026-07-21,Sirsa,39.6,11.5,42.0
2026-07-22,Agra,20.1,17.1,60.0
2026-07-22,Ambala,31.66,131.49,63.75
2026-07-22,Amritsar,30.12,123.06,70.33
2026-07-22,Bareilly,20.1,0.0,41.0
2026-07-22,Bathinda,15.3,8.2,79.0
2026-07-22,Fatehabad,23.73,59.32,65.33
2026-07-22,Ferozepur,24.3,110.7,77.5
2026-07-22,Hisar,33.2,0.0,57.0
2026-07-22,Jalandhar,30.77,50.5,50.33
2026-07-22,Karnal,32.75,45.8,61.0
2026-07-22,Kurukshetra,32.15,35.9,58.5
2026-07-22,Ludhiana,24.53,20.55,33.0
2026-07-22,Meerut,31.22,237.95,59.5
2026-07-22,Moga,33.25,2.8,43.0
2026-07-22,Muzaffarnagar,26.1,39.9,51.5
2026-07-22,Patiala,23.8,0.0,51.0
2026-07-22,Saharanpur,26.95,25.2,77.5
2026-07-22,Sirsa,19.3,25.9,63.0
2026-07-23,Agra,23.32,114.38,66.8
2026-07-23,Ambala,31.34,103.19,42.5
2026-07-23,Amritsar,21.2,92.09,66.5
2026-07-23,Bareilly,26.67,106.0,66.0
2026-07-23,Bathinda,23.02,69.27,71.25
2026-07-23,Fatehabad,26.22,39.79,66.0
2026-07-23,Ferozepur,16.63,71.3,63.67
2026-07-23,Hisar,33.25,147.07,61.5
2026-07-23,Jalandhar,25.88,151.18,63.33
2026-07-23,Karnal,20.08,88.8,67.75
2026-07-23,Kurukshetra,32.2,49.2,89.0
2026-07-23,Ludhiana,25.24,107.0,60.0
2026-07-23,Meerut,25.62,128.66,70.0
2026-07-23,Moga,35.3,0.0,55.0
2026-07-23,Muzaffarnagar,27.54,105.49,71.0
2026-07-23,Patiala,24.25,104.89,53.5
2026-07-23,Saharanpur,29.4,28.25,59.0
2026-07-23,Sirsa,30.86,39.9,75.0
2026-07-24,Agra,27.62,98.26,63.6
2026-07-24,Ambala,24.58,87.8,66.4
2026-07-24,Amritsar,23.28,76.53,66.25
2026-07-24,Bareilly,26.4,91.89,73.0
2026-07-24,Bathinda,24.3,0.9,93.0
2026-07-24,Fatehabad,27.55,28.92,44.5
2026-07-24,Ferozepur,26.1,83.49,56.5
2026-07-24,Hisar,32.0,77.5,57.5
2026-07-24,Jalandhar,24.37,38.78,69.67
2026-07-24,Karnal,20.1,36.8,58.0
2026-07-24,Kurukshetra,31.6,136.24,72.5
2026-07-24,Ludhiana,22.72,88.1,52.5
2026-07-24,Meerut,34.3,105.93,69.5
2026-07-24,Moga,22.88,63.88,51.5
2026-07-24,Muzaffarnagar,31.8,34.19,86.33
2026-07-24,Patiala,27.85,55.4,80.75
2026-07-24,Saharanpur,31.55,80.5,58.0
2026-07-24,Sirsa,28.03,64.3,71.33
2026-07-25,Agra,26.4,49.7,73.5
2026-07-25,Ambala,23.5,163.08,68.25
2026-07-25,Amritsar,32.75,43.5,76.0
2026-07-25,Bareilly,28.73,69.5,48.0
2026-07-25,Bathinda,20.82,62.02,54.25
2026-07-25,Fatehabad,33.4,20.3,57.0
2026-07-25,Ferozepur,31.65,6.86,62.0
2026-07-25,Hisar,31.75,41.8,87.5
2026-07-25,Jalandhar,29.7,42.4,51.0
2026-07-25,Karnal,27.8,36.1,42.0
2026-07-25,Kurukshetra,26.9,41.58,84.5
2026-07-25,Ludhiana,27.33,111.74,53.25
2026-07-25,Meerut,31.98,52.88,59.25
2026-07-25,Moga,26.22,89.42,63.33
2026-07-25,Muzaffarnagar,22.17,36.7,53.67
2026-07-25,Patiala,24.8,16.5,45.0
2026-07-25,Saharanpur,25.3,46.2,54.0
2026-07-25,Sirsa,25.92,136.61,51.6
2026-07-26,Agra,25.6,44.4,68.0
2026-07-26,Ambala,18.5,21.34,83.0
2026-07-26,Amritsar,23.7,3.5,
2026-07-26,Bareilly,25.87,121.8,58.5
2026-07-26,Bathinda,25.78,55.12,77.5
2026-07-26,Fatehabad,34.9,12.9,37.0
2026-07-26,Ferozepur,21.8,49.02,69.0
2026-07-26,Hisar,19.1,74.8,54.5
2026-07-26,Jalandhar,23.4,131.25,60.5
2026-07-26,Karnal,27.85,17.0,68.5
2026-07-26,Ludhiana,24.62,167.1,62.83
2026-07-26,Meerut,24.35,75.8,66.5
2026-07-26,Moga,23.28,74.6,70.25
2026-07-26,Muzaffarnagar,21.1,48.0,
2026-07-26,Patiala,20.88,1.7,55.75
2026-07-26,Saharanpur,38.4,104.93,56.75
2026-07-26,Sirsa,20.12,99.8,64.75
2026-07-27,Agra,29.55,68.6,59.5
2026-07-27,Ambala,32.3,7.8,78.0
2026-07-27,Amritsar,23.67,45.3,62.33
2026-07-27,Bareilly,32.3,81.3,53.0
2026-07-27,Bathinda,21.9,39.3,63.0
2026-07-27,Fatehabad,30.17,63.49,59.67
2026-07-27,Ferozepur,30.22,50.58,81.67
2026-07-27,Hisar,22.67,69.09,66.0
2026-07-27,Jalandhar,28.7,38.1,85.5
2026-07-27,Karnal,29.62,86.23,65.4
2026-07-27,Kurukshetra,30.75,46.49,73.0
2026-07-27,Meerut,24.38,80.79,45.4
2026-07-27,Moga,17.1,22.98,48.0
2026-07-27,Muzaffarnagar,24.9,0.0,33.0
2026-07-27,Patiala,27.2,102.23,49.0
2026-07-27,Saharanpur,28.1,0.0,62.0
2026-07-27,Sirsa,29.85,5.1,66.0
2026-07-28,Agra,28.03,47.26,63.67
2026-07-28,Ambala,24.4,0.0,58.0
2026-07-28,Amritsar,33.15,43.6,78.0
2026-07-28,Bareilly,20.0,40.39,50.0
2026-07-28,Bathinda,25.2,43.2,79.0
2026-07-28,Fatehabad,18.7,34.29,51.0
2026-07-28,Ferozepur,28.52,47.28,57.67
2026-07-28,Hisar,28.0,79.9,61.33
2026-07-28,Jalandhar,19.83,45.5,58.67
2026-07-28,Karnal,32.5,35.81,78.0
2026-07-28,Kurukshetra,26.45,46.74,
2026-07-28,Ludhiana,25.88,102.7,48.67
2026-07-28,Meerut,27.5,14.8,81.0
2026-07-28,Moga,28.6,61.24,78.0
2026-07-28,Muzaffarnagar,26.0,0.0,35.0
2026-07-28,Patiala,33.4,37.7,77.0
2026-07-28,Saharanpur,29.77,79.69,62.0
2026-07-28,Sirsa,26.15,31.5,53.0
2026-07-29,Agra,28.03,111.93,59.33
2026-07-29,Ambala,22.65,48.0,73.0
2026-07-29,Amritsar,29.38,71.4,54.75
2026-07-29,Bareilly,27.95,88.5,68.5
2026-07-29,Fatehabad,32.9,30.23,42.0
2026-07-29,Ferozepur,29.25,37.51,46.5
2026-07-29,Hisar,22.2,48.7,61.0
2026-07-29,Jalandhar,37.6,28.6,61.5
2026-07-29,Karnal,27.7,57.9,78.5
2026-07-29,Kurukshetra,23.73,107.82,54.0
2026-07-29,Ludhiana,28.6,92.36,53.0
2026-07-29,Meerut,35.2,14.1,91.0
2026-07-29,Moga,24.05,73.7,46.0
2026-07-29,Saharanpur,34.05,12.95,42.0
2026-07-29,Sirsa,21.65,10.3,43.5
2026-07-30,Agra,28.35,26.2,61.5
2026-07-30,Amritsar,19.05,49.33,62.5
2026-07-30,Bareilly,32.85,80.89,50.0
2026-07-30,Bathinda,27.4,103.56,67.8
2026-07-30,Fatehabad,21.85,53.8,54.5
2026-07-30,Ferozepur,31.03,78.6,75.0
2026-07-30,Hisar,27.5,25.5,64.5
2026-07-30,Jalandhar,24.35,19.3,75.0
2026-07-30,Karnal,30.14,90.5,52.8
2026-07-30,Kurukshetra,24.2,105.4,83.0
2026-07-30,Ludhiana,31.1,91.76,64.75
2026-07-30,Meerut,26.45,65.8,71.0
2026-07-30,Moga,19.97,89.28,75.67
2026-07-30,Muzaffarnagar,35.3,7.6,86.0
2026-07-30,Patiala,34.9,10.16,34.0
2026-07-30,Saharanpur,20.9,68.3,70.5
2026-07-30,Sirsa,28.0,18.6,72.0
2026-07-31,Ambala,32.15,116.58,57.8
2026-07-31,Amritsar,18.9,33.2,60.0
2026-07-31,Bareilly,30.82,117.31,41.25
2026-07-31,Bathinda,33.3,46.29,67.33
2026-07-31,Fatehabad,35.3,39.9,47.0
2026-07-31,Ferozepur,25.33,79.4,70.0
2026-07-31,Hisar,24.73,98.12,72.67
2026-07-31,Jalandhar,19.8,88.91,62.67
2026-07-31,Karnal,21.8,52.4,65.5
2026-07-31,Kurukshetra,29.27,194.13,63.78
2026-07-31,Ludhiana,27.15,34.8,58.5
2026-07-31,Meerut,33.4,88.4,37.33
2026-07-31,Moga,28.07,122.7,58.2
2026-07-31,Muzaffarnagar,21.25,21.8,64.0
2026-07-31,Patiala,24.0,4.32,32.0
2026-07-31,Saharanpur,24.0,69.4,51.0
2026-07-31,Sirsa,31.3,6.5,37.0
2026-08-01,Agra,29.93,82.13,76.5
2026-08-01,Ambala,21.27,23.91,58.33
2026-08-01,Amritsar,36.1,3.81,81.0
2026-08-01,Bareilly,32.9,23.5,38.0
2026-08-01,Bathinda,25.28,51.7,59.5
2026-08-01,Fatehabad,22.3,59.0,58.67
2026-08-01,Ferozepur,20.7,76.3,93.0
2026-08-01,Hisar,28.65,59.44,54.0
2026-08-01,Jalandhar,27.32,160.44,62.0
2026-08-01,Karnal,21.8,36.8,85.0
2026-08-01,Kurukshetra,30.25,46.96,46.5
2026-08-01,Ludhiana,30.5,83.1,41.0
2026-08-01,Meerut,33.6,1.8,79.0
2026-08-01,Moga,32.48,161.26,74.5
2026-08-01,Muzaffarnagar,33.9,48.23,45.5
2026-08-01,Patiala,22.7,0.0,59.0
2026-08-01,Sirsa,25.65,84.82,75.0
2026-08-02,Ambala,32.9,9.9,63.0
2026-08-02,Amritsar,22.2,116.0,61.67
2026-08-02,Bareilly,30.43,60.74,56.33
2026-08-02,Bathinda,25.42,163.77,62.25
2026-08-02,Fatehabad,27.36,73.67,56.5
2026-08-02,Ferozepur,24.7,113.83,58.5
2026-08-02,Hisar,21.9,82.48,57.0
2026-08-02,Jalandhar,25.27,36.54,66.67
2026-08-02,Karnal,35.1,0.0,88.0
2026-08-02,Kurukshetra,18.07,57.43,72.33
2026-08-02,Ludhiana,29.4,71.92,71.2
2026-08-02,Meerut,24.7,77.21,63.0
2026-08-02,Moga,28.6,101.12,57.25
2026-08-02,Muzaffarnagar,22.0,63.4,59.0
2026-08-02,Patiala,33.1,7.9,88.0
2026-08-02,Saharanpur,27.98,49.44,63.67
2026-08-02,Sirsa,27.74,71.17,71.8
2026-08-03,Agra,28.3,0.0,72.0
2026-08-03,Ambala,26.8,88.5,56.33
2026-08-03,Amritsar,38.3,37.85,63.0
2026-08-03,Bareilly,26.67,66.55,71.0
2026-08-03,Bathinda,26.3,86.1,57.33
2026-08-03,Fatehabad,24.88,126.34,66.25
2026-08-03,Ferozepur,32.2,64.8,65.67
2026-08-03,Hisar,18.45,45.83,71.0
2026-08-03,Jalandhar,21.4,18.0,73.0
2026-08-03,Karnal,23.75,35.2,72.5
2026-08-03,Kurukshetra,26.38,137.93,59.8
2026-08-03,Ludhiana,25.53,61.39,43.0
2026-08-03,Meerut,23.5,98.4,53.0
2026-08-03,Moga,25.53,96.6,61.33
2026-08-03,Saharanpur,28.38,94.27,49.8
2026-08-03,Sirsa,22.45,25.18,65.0
2026-08-04,Agra,24.3,87.6,63.5
2026-08-04,Ambala,33.67,79.2,39.67
2026-08-04,Amritsar,35.15,61.37,62.5
2026-08-04,Bareilly,30.81,132.8,65.0
2026-08-04,Bathinda,26.9,44.7,53.5
2026-08-04,Fatehabad,26.88,121.35,59.83
2026-08-04,Ferozepur,28.58,112.21,51.0
2026-08-04,Hisar,27.5,72.0,72.67
2026-08-04,Jalandhar,23.3,47.3,38.0
2026-08-04,Karnal,30.15,73.65,50.0
2026-08-04,Kurukshetra,23.6,39.29,50.5
2026-08-04,Ludhiana,29.5,108.35,57.0
2026-08-04,Meerut,26.67,51.5,77.33
2026-08-04,Moga,27.94,139.02,56.43
2026-08-04,Muzaffarnagar,26.75,119.52,70.67
2026-08-04,Patiala,25.05,17.7,56.0
2026-08-04,Saharanpur,22.45,43.94,72.0
2026-08-04,Sirsa,26.05,44.21,56.5
2026-08-05,Agra,27.18,80.3,88.67
2026-08-05,Amritsar,35.9,1.9,86.0
2026-08-05,Bareilly,28.6,66.38,60.5
2026-08-05,Bathinda,21.3,49.6,64.0
2026-08-05,Fatehabad,32.02,104.0,56.25
2026-08-05,Ferozepur,38.05,80.54,62.0
2026-08-05,Hisar,24.9,106.32,56.0
2026-08-05,Jalandhar,18.2,19.8,48.0
2026-08-05,Karnal,30.9,106.1,70.6
2026-08-05,Kurukshetra,35.7,35.5,87.0
2026-08-05,Ludhiana,29.8,0.2,86.0
2026-08-05,Meerut,29.37,46.8,70.5
2026-08-05,Moga,20.89,165.32,48.67
2026-08-05,Muzaffarnagar,28.02,91.4,61.5
2026-08-05,Patiala,30.4,79.21,52.0
2026-08-05,Sirsa,28.95,26.16,74.0
2026-08-06,Agra,26.08,141.46,51.2
2026-08-06,Ambala,18.1,28.6,39.0
2026-08-06,Amritsar,22.7,49.0,47.0
2026-08-06,Bareilly,19.38,3.4,55.25
2026-08-06,Bathinda,21.6,61.8,63.67
2026-08-06,Fatehabad,27.85,56.19,43.75
2026-08-06,Ferozepur,21.23,73.0,67.0
2026-08-06,Hisar,24.64,134.87,66.0
2026-08-06,Jalandhar,19.4,36.1,78.0
2026-08-06,Karnal,29.2,43.6,56.0
2026-08-06,Kurukshetra,18.5,54.4,66.5
2026-08-06,Ludhiana,18.65,107.61,47.0
2026-08-06,Meerut,38.1,45.6,68.0
2026-08-06,Moga,22.6,66.8,49.0
2026-08-06,Muzaffarnagar,26.4,24.1,75.5
2026-08-06,Patiala,20.35,58.2,62.5
2026-08-06,Saharanpur,26.8,58.4,88.5
2026-08-06,Sirsa,27.25,0.0,57.0
2026-08-07,Agra,38.9,27.18,94.0
2026-08-07,Ambala,29.61,126.23,59.57
2026-08-07,Amritsar,31.33,42.2,65.5
2026-08-07,Bareilly,27.88,92.2,55.5
2026-08-07,Bathinda,29.43,67.5,65.33
2026-08-07,Fatehabad,25.42,49.7,53.75
2026-08-07,Ferozepur,24.3,5.84,75.0
2026-08-07,Hisar,23.55,131.93,55.67
2026-08-07,Jalandhar,29.9,122.91,63.0
2026-08-07,Karnal,35.75,48.51,58.0
2026-08-07,Kurukshetra,27.05,88.53,59.0
2026-08-07,Ludhiana,25.56,119.91,63.5
2026-08-07,Meerut,36.45,64.6,45.5
2026-08-07,Moga,21.9,99.0,75.25
2026-08-07,Muzaffarnagar,28.46,114.74,69.5
2026-08-07,Patiala,39.9,39.7,88.0
2026-08-07,Saharanpur,32.7,2.79,63.0
2026-08-08,Agra,22.67,90.5,65.5
2026-08-08,Ambala,25.6,41.3,75.0
2026-08-08,Amritsar,27.13,79.9,64.6
2026-08-08,Bareilly,31.7,63.51,47.0
2026-08-08,Bathinda,35.8,52.6,73.5
2026-08-08,Fatehabad,30.9,38.1,60.0
2026-08-08,Ferozepur,28.0,91.68,60.0
2026-08-08,Hisar,34.67,73.77,64.33
2026-08-08,Jalandhar,29.26,93.6,74.25
2026-08-08,Karnal,38.5,42.4,75.0
2026-08-08,Kurukshetra,25.85,13.3,68.5
2026-08-08,Ludhiana,28.28,104.72,69.6
2026-08-08,Meerut,29.07,64.7,62.33
2026-08-08,Moga,29.42,74.84,64.25
2026-08-08,Muzaffarnagar,23.77,21.4,48.0
2026-08-08,Patiala,22.2,35.0,64.0
2026-08-08,Saharanpur,18.2,40.2,68.0
2026-08-08,Sirsa,25.95,16.51,83.5
2026-08-09,Agra,27.55,35.74,54.5
2026-08-09,Ambala,36.83,21.3,50.67
2026-08-09,Amritsar,26.6,59.25,58.0
2026-08-09,Bathinda,30.1,0.0,76.0
2026-08-09,Fatehabad,24.95,60.6,56.0
2026-08-09,Ferozepur,26.08,79.04,62.67
2026-08-09,Hisar,31.5,32.6,61.5
2026-08-09,Jalandhar,28.4,78.7,69.0
2026-08-09,Karnal,22.95,33.02,60.5
2026-08-09,Kurukshetra,26.63,75.8,51.0
2026-08-09,Ludhiana,26.1,18.8,43.0
2026-08-09,Meerut,20.42,121.1,58.5
2026-08-09,Moga,25.8,39.37,46.0
2026-08-09,Muzaffarnagar,17.4,13.2,
2026-08-09,Patiala,32.65,8.5,69.0
2026-08-09,Saharanpur,23.53,89.29,55.67
2026-08-09,Sirsa,25.0,38.4,44.0
2026-08-10,Agra,31.75,19.6,57.0
2026-08-10,Ambala,22.2,0.0,87.0
2026-08-10,Amritsar,26.38,84.2,73.5
2026-08-10,Bareilly,33.17,62.99,62.0
2026-08-10,Bathinda,29.55,59.6,69.75
2026-08-10,Fatehabad,30.15,57.7,41.5
2026-08-10,Ferozepur,21.1,259.73,61.0
2026-08-10,Hisar,23.48,112.77,74.33
2026-08-10,Jalandhar,27.16,124.86,70.5
2026-08-10,Karnal,31.0,66.3,69.0
2026-08-10,Kurukshetra,30.64,80.86,59.5
2026-08-10,Ludhiana,27.6,45.21,79.0
2026-08-10,Meerut,25.1,1.78,86.5
2026-08-10,Moga,21.4,106.6,62.25
2026-08-10,Muzaffarnagar,15.9,22.5,70.0
2026-08-10,Patiala,29.6,89.34,87.5
2026-08-10,Saharanpur,30.07,120.6,40.33
2026-08-10,Sirsa,27.05,26.0,69.0
2026-08-11,Agra,25.5,181.61,55.5
2026-08-11,Ambala,27.65,46.18,76.5
2026-08-11,Amritsar,32.22,70.33,92.5
2026-08-11,Bareilly,25.9,71.6,37.0
2026-08-11,Bathinda,25.98,47.61,44.5
2026-08-11,Fatehabad,26.48,107.8,74.4
2026-08-11,Ferozepur,27.5,50.76,51.67
2026-08-11,Hisar,24.0,69.05,74.33
2026-08-11,Jalandhar,26.08,97.66,67.75
2026-08-11,Karnal,34.37,90.81,71.0
2026-08-11,Kurukshetra,27.9,83.37,68.67
2026-08-11,Ludhiana,27.83,116.11,78.0
2026-08-11,Meerut,28.95,59.69,64.0
2026-08-11,Moga,25.4,85.43,53.75
2026-08-11,Muzaffarnagar,18.48,140.0,53.25
2026-08-11,Patiala,21.93,88.52,66.67
2026-08-11,Saharanpur,31.85,58.59,67.5
2026-08-11,Sirsa,31.53,74.81,87.0
2026-08-12,Agra,35.5,61.18,36.0
2026-08-12,Ambala,29.5,137.6,64.2
2026-08-12,Amritsar,30.48,119.4,43.75
2026-08-12,Bareilly,32.1,4.7,87.0
2026-08-12,Bathinda,21.4,39.9,44.0
2026-08-12,Fatehabad,29.79,193.87,67.43
2026-08-12,Ferozepur,27.8,26.08,66.5
2026-08-12,Jalandhar,35.9,90.54,70.0
2026-08-12,Karnal,31.57,117.85,58.0
2026-08-12,Kurukshetra,24.2,22.8,70.0
2026-08-12,Ludhiana,28.55,70.8,67.0
2026-08-12,Meerut,24.86,103.11,47.8
2026-08-12,Moga,19.9,56.4,51.5
2026-08-12,Muzaffarnagar,31.3,82.5,54.8
2026-08-12,Sirsa,31.85,54.36,81.5
2026-08-13,Agra,26.48,92.04,70.0
2026-08-13,Ambala,20.85,125.1,61.67
2026-08-13,Amritsar,26.04,90.3,79.0
2026-08-13,Bareilly,29.16,18.9,50.4
2026-08-13,Bathinda,25.05,142.17,84.33
2026-08-13,Fatehabad,37.1,13.8,88.0
2026-08-13,Ferozepur,34.05,47.8,62.0
2026-08-13,Hisar,33.8,39.17,83.0
2026-08-13,Jalandhar,22.9,55.32,49.0
2026-08-13,Karnal,22.5,101.4,59.5
2026-08-13,Kurukshetra,32.63,50.81,60.33
2026-08-13,Ludhiana,29.6,63.5,64.0
2026-08-13,Meerut,27.32,149.58,74.75
2026-08-13,Moga,28.96,127.85,59.6
2026-08-13,Patiala,31.13,35.28,65.0
2026-08-13,Saharanpur,28.9,33.78,34.0
2026-08-13,Sirsa,31.45,50.4,34.0
2026-08-14,Agra,20.38,124.69,63.25
2026-08-14,Ambala,33.3,62.01,71.67
2026-08-14,Amritsar,26.83,55.21,47.5
2026-08-14,Bareilly,24.9,28.1,69.5
2026-08-14,Bathinda,25.72,78.52,39.0
2026-08-14,Fatehabad,25.95,70.9,60.5
2026-08-14,Ferozepur,28.0,140.4,66.83
2026-08-14,Hisar,25.01,274.39,51.56
2026-08-14,Jalandhar,24.3,34.7,69.5
2026-08-14,Karnal,26.77,47.57,67.33
2026-08-14,Kurukshetra,31.33,111.06,77.5
2026-08-14,Ludhiana,26.65,8.7,57.5
2026-08-14,Meerut,27.28,71.5,46.5
2026-08-14,Moga,28.0,49.7,74.0
2026-08-14,Muzaffarnagar,18.17,89.14,32.67
2026-08-14,Patiala,24.65,22.28,
2026-08-14,Saharanpur,23.73,68.5,67.0
2026-08-14,Sirsa,23.45,25.58,50.0
2026-08-15,Agra,21.9,49.9,83.5
2026-08-15,Ambala,26.1,163.0,66.5
2026-08-15,Amritsar,21.38,87.45,78.5
2026-08-15,Bareilly,31.3,53.33,40.5
2026-08-15,Bathinda,34.9,0.0,33.0
2026-08-15,Fatehabad,23.9,158.7,57.5
2026-08-15,Ferozepur,27.7,57.53,52.33
2026-08-15,Hisar,26.95,169.17,60.0
2026-08-15,Jalandhar,26.47,74.18,55.0
2026-08-15,Karnal,26.6,42.94,68.0
2026-08-15,Kurukshetra,27.72,174.83,74.5
2026-08-15,Ludhiana,31.5,9.2,42.0
2026-08-15,Meerut,18.43,55.9,74.33
2026-08-15,Patiala,31.37,119.98,52.0
2026-08-15,Saharanpur,37.9,69.28,53.0
2026-08-15,Sirsa,30.67,95.4,37.0
2026-08-16,Agra,33.3,1.1,49.5
2026-08-16,Ambala,21.9,122.0,47.0
2026-08-16,Bareilly,31.1,7.9,63.0
2026-08-16,Bathinda,33.68,102.95,59.75
2026-08-16,Fatehabad,29.8,33.5,51.0
2026-08-16,Ferozepur,28.18,153.7,62.2
2026-08-16,Hisar,17.45,44.85,51.5
2026-08-16,Jalandhar,27.95,65.9,75.0
2026-08-16,Karnal,31.6,0.6,51.0
2026-08-16,Kurukshetra,23.97,93.51,54.0
2026-08-16,Ludhiana,21.6,62.6,46.25
2026-08-16,Meerut,32.1,8.89,
2026-08-16,Muzaffarnagar,27.32,104.15,60.25
2026-08-16,Saharanpur,35.4,30.23,44.0
2026-08-16,Sirsa,25.1,60.51,65.0
2026-08-17,Agra,22.07,87.75,50.0
2026-08-17,Ambala,26.7,62.41,50.5
2026-08-17,Amritsar,31.47,71.81,54.33
2026-08-17,Bareilly,35.1,91.35,83.67
2026-08-17,Bathinda,21.4,80.43,65.25
2026-08-17,Fatehabad,27.58,60.59,76.75
2026-08-17,Ferozepur,33.2,38.03,73.0
2026-08-17,Hisar,34.87,49.57,58.33
2026-08-17,Jalandhar,28.33,8.8,56.5
2026-08-17,Karnal,30.9,56.1,50.67
2026-08-17,Kurukshetra,31.3,22.1,49.0
2026-08-17,Ludhiana,32.1,71.7,34.0
2026-08-17,Meerut,30.35,46.99,64.5
2026-08-17,Moga,24.78,77.18,57.5
2026-08-17,Muzaffarnagar,29.2,12.2,42.0
2026-08-17,Saharanpur,28.23,21.1,78.0
2026-08-17,Sirsa,28.87,50.2,54.67
2026-08-18,Agra,38.5,48.4,48.0
2026-08-18,Ambala,22.1,63.76,63.0
2026-08-18,Bareilly,29.53,46.81,47.67
2026-08-18,Bathinda,23.35,33.83,76.0
2026-08-18,Fatehabad,25.9,151.99,46.57
2026-08-18,Ferozepur,21.5,96.1,55.33
2026-08-18,Hisar,38.1,1.3,69.0
2026-08-18,Jalandhar,33.03,18.2,56.0
2026-08-18,Karnal,31.8,195.35,81.4
2026-08-18,Kurukshetra,25.99,84.0,60.0
2026-08-18,Ludhiana,31.05,57.6,46.0
2026-08-18,Meerut,23.65,59.3,61.0
2026-08-18,Moga,22.7,44.8,56.5
2026-08-18,Muzaffarnagar,26.1,33.1,60.25
2026-08-18,Patiala,15.5,20.2,76.0
2026-08-18,Saharanpur,28.7,54.35,42.67
2026-08-18,Sirsa,21.63,75.89,57.5
2026-08-19,Agra,22.95,51.1,69.5
2026-08-19,Ambala,29.83,65.5,33.0
2026-08-19,Amritsar,29.13,99.7,47.0
2026-08-19,Bareilly,25.47,69.8,61.0
2026-08-19,Bathinda,22.35,52.6,67.25
2026-08-19,Fatehabad,30.1,12.6,65.5
2026-08-19,Ferozepur,26.35,67.7,64.0
2026-08-19,Hisar,29.48,96.3,65.5
2026-08-19,Jalandhar,25.45,72.97,86.0
2026-08-19,Karnal,28.0,23.8,42.0
2026-08-19,Kurukshetra,25.6,205.69,58.71
2026-08-19,Ludhiana,28.08,118.6,62.75
2026-08-19,Meerut,27.42,89.31,55.0
2026-08-19,Moga,22.4,51.7,61.0
2026-08-19,Muzaffarnagar,23.15,38.61,62.0
2026-08-19,Patiala,34.8,48.52,65.5
2026-08-19,Saharanpur,25.0,0.0,77.0
2026-08-19,Sirsa,29.02,129.34,76.33
2026-08-20,Agra,34.9,45.0,64.0
2026-08-20,Amritsar,34.35,41.1,52.5
2026-08-20,Bareilly,26.05,78.01,54.0
2026-08-20,Bathinda,30.38,55.75,68.33
2026-08-20,Ferozepur,28.38,59.94,62.75
2026-08-20,Hisar,29.04,255.13,64.17
2026-08-20,Jalandhar,21.3,99.92,50.75
2026-08-20,Karnal,27.55,17.53,50.0
2026-08-20,Kurukshetra,28.68,60.78,54.8
2026-08-20,Ludhiana,33.47,106.2,51.67
2026-08-20,Meerut,30.35,55.68,59.5
2026-08-20,Moga,28.6,124.92,68.0
2026-08-20,Muzaffarnagar,30.1,75.82,78.0
2026-08-20,Patiala,25.53,101.9,77.67
2026-08-20,Saharanpur,22.75,30.1,67.0
2026-08-21,Agra,26.3,139.47,68.0
2026-08-21,Ambala,29.02,72.12,75.75
2026-08-21,Amritsar,31.7,79.62,32.0
2026-08-21,Bareilly,31.4,46.9,45.0
2026-08-21,Bathinda,39.3,17.4,43.0
2026-08-21,Fatehabad,32.5,58.75,57.33
2026-08-21,Ferozepur,32.46,130.78,53.8
2026-08-21,Hisar,16.6,42.3,57.0
2026-08-21,Jalandhar,28.33,56.44,61.33
2026-08-21,Karnal,27.2,65.41,53.25
2026-08-21,Kurukshetra,29.7,13.3,65.5
2026-08-21,Ludhiana,31.72,158.2,44.75
2026-08-21,Meerut,36.2,0.0,85.0
2026-08-21,Moga,29.12,153.97,48.2
2026-08-21,Muzaffarnagar,25.4,15.75,69.0
2026-08-21,Patiala,23.92,73.44,48.0
2026-08-21,Saharanpur,15.3,8.3,95.0
2026-08-21,Sirsa,24.6,11.4,95.0
2026-08-22,Agra,25.98,112.16,55.0
2026-08-22,Ambala,39.5,19.05,56.0
2026-08-22,Amritsar,22.2,136.8,58.0
2026-08-22,Bareilly,32.95,39.3,58.5
2026-08-22,Bathinda,24.48,93.72,51.5
2026-08-22,Fatehabad,32.5,13.0,55.0
2026-08-22,Ferozepur,31.07,112.6,61.0
2026-08-22,Hisar,18.4,65.6,84.5
2026-08-22,Jalandhar,23.98,103.31,65.75
2026-08-22,Karnal,30.15,0.7,43.0
2026-08-22,Kurukshetra,24.78,81.3,52.4
2026-08-22,Ludhiana,22.05,40.4,63.0
2026-08-22,Meerut,23.7,2.2,72.0
2026-08-22,Moga,24.97,154.53,55.6
2026-08-22,Muzaffarnagar,28.27,80.9,58.33
2026-08-22,Patiala,18.1,10.7,82.0
2026-08-22,Saharanpur,23.1,69.2,69.67
2026-08-22,Sirsa,29.85,32.94,53.0
2026-08-23,Agra,21.4,1.5,71.0
2026-08-23,Ambala,23.8,38.35,85.0
2026-08-23,Amritsar,21.32,91.8,63.4
2026-08-23,Bareilly,23.5,21.9,61.33
2026-08-23,Bathinda,25.5,87.9,59.33
2026-08-23,Fatehabad,24.58,78.9,76.25
2026-08-23,Ferozepur,25.7,113.17,66.0
2026-08-23,Hisar,34.17,39.7,65.0
2026-08-23,Jalandhar,33.25,44.35,92.0
2026-08-23,Karnal,28.98,131.83,49.0
2026-08-23,Kurukshetra,30.4,36.62,61.0
2026-08-23,Ludhiana,37.5,46.7,74.5
2026-08-23,Meerut,23.6,107.5,49.25
2026-08-23,Moga,24.53,88.8,73.0
2026-08-23,Muzaffarnagar,17.7,22.7,
2026-08-23,Patiala,31.87,73.26,76.33
2026-08-23,Saharanpur,25.02,67.95,68.75
2026-08-23,Sirsa,28.25,62.2,70.75
2026-08-24,Ambala,16.5,1.52,95.0
2026-08-24,Amritsar,17.45,12.0,69.5
2026-08-24,Bareilly,24.92,85.42,63.33
2026-08-24,Bathinda,28.38,102.49,81.5
2026-08-24,Fatehabad,24.72,100.53,46.75
2026-08-24,Ferozepur,17.8,51.3,59.5
2026-08-24,Hisar,28.35,21.11,91.0
2026-08-24,Jalandhar,37.4,12.5,79.0
2026-08-24,Karnal,27.2,61.21,56.33
2026-08-24,Kurukshetra,22.4,130.7,75.75
2026-08-24,Ludhiana,30.6,37.0,42.0
2026-08-24,Meerut,23.83,48.5,40.0
2026-08-24,Moga,24.8,82.5,60.0
2026-08-24,Muzaffarnagar,29.6,70.87,47.0
2026-08-24,Patiala,16.1,0.0,39.0
2026-08-24,Saharanpur,28.7,86.42,68.0
2026-08-24,Sirsa,22.53,67.69,53.5
2026-08-25,Agra,29.7,45.72,54.0
2026-08-25,Ambala,24.4,15.3,65.0
2026-08-25,Amritsar,32.7,109.3,69.5
2026-08-25,Bareilly,22.7,55.29,85.0
2026-08-25,Bathinda,30.85,57.9,70.75
2026-08-25,Ferozepur,38.9,3.8,37.0
2026-08-25,Hisar,21.57,50.5,57.33
2026-08-25,Jalandhar,23.26,96.98,67.33
2026-08-25,Karnal,18.65,15.55,54.0
2026-08-25,Kurukshetra,15.25,18.0,32.0
2026-08-25,Ludhiana,26.77,107.95,66.33
2026-08-25,Meerut,31.02,196.15,43.5
2026-08-25,Moga,25.34,79.02,69.25
2026-08-25,Patiala,25.9,96.3,68.67
2026-08-25,Saharanpur,29.3,11.8,45.0
2026-08-25,Sirsa,23.82,107.0,66.6
2026-08-26,Agra,27.4,86.8,54.0
2026-08-26,Ambala,28.17,39.12,76.67
2026-08-26,Bareilly,27.83,37.34,41.5
2026-08-26,Bathinda,29.5,58.5,30.0
2026-08-26,Fatehabad,31.57,83.42,37.0
2026-08-26,Ferozepur,35.65,20.3,61.0
2026-08-26,Hisar,31.4,23.9,46.67
2026-08-26,Jalandhar,29.67,106.6,47.75
2026-08-26,Karnal,26.57,64.35,72.0
2026-08-26,Ludhiana,30.38,68.13,56.25
2026-08-26,Meerut,31.44,110.7,52.25
2026-08-26,Moga,29.57,85.58,51.0
2026-08-26,Muzaffarnagar,20.8,0.0,50.0
2026-08-26,Patiala,33.05,67.9,81.0
2026-08-26,Saharanpur,23.4,39.9,53.0
2026-08-26,Sirsa,28.6,1.4,32.0
2026-08-27,Agra,22.6,40.3,57.0
2026-08-27,Ambala,30.9,15.1,
2026-08-27,Amritsar,28.52,130.06,53.0
2026-08-27,Bareilly,27.22,71.81,52.25
2026-08-27,Bathinda,26.65,19.2,65.0
2026-08-27,Fatehabad,35.7,77.8,85.5
2026-08-27,Ferozepur,30.4,37.9,59.0
2026-08-27,Hisar,31.05,74.16,80.5
2026-08-27,Jalandhar,28.52,101.4,66.2
2026-08-27,Karnal,29.62,63.6,87.5
2026-08-27,Kurukshetra,23.65,49.4,39.5
2026-08-27,Ludhiana,21.15,49.8,62.0
2026-08-27,Meerut,30.93,103.7,42.5
2026-08-27,Moga,32.43,66.76,67.0
2026-08-27,Muzaffarnagar,34.2,44.09,41.5
2026-08-27,Saharanpur,25.55,76.38,70.5
2026-08-27,Sirsa,27.0,86.0,66.5
2026-08-28,Agra,29.27,93.25,77.33
2026-08-28,Ambala,28.2,127.91,56.67
2026-08-28,Amritsar,25.44,17.78,59.5
2026-08-28,Bareilly,23.33,229.19,64.86
2026-08-28,Bathinda,28.65,92.7,78.0
2026-08-28,Ferozepur,19.93,75.27,77.33
2026-08-28,Hisar,24.63,83.97,57.67
2026-08-28,Jalandhar,27.5,25.9,77.0
2026-08-28,Karnal,39.6,36.7,41.0
2026-08-28,Kurukshetra,20.0,43.8,46.0
2026-08-28,Ludhiana,25.0,41.5,57.33
2026-08-28,Meerut,28.38,121.7,50.67
2026-08-28,Moga,31.63,197.35,53.0
2026-08-28,Muzaffarnagar,22.5,30.1,84.0
2026-08-28,Patiala,26.75,68.27,54.5
2026-08-28,Sirsa,27.84,153.32,68.6
2026-08-29,Agra,30.58,108.72,71.4
2026-08-29,Ambala,30.9,0.1,39.0
2026-08-29,Amritsar,25.45,146.2,53.5
2026-08-29,Bareilly,25.08,157.86,74.67
2026-08-29,Bathinda,26.97,47.1,60.67
2026-08-29,Fatehabad,27.15,78.5,40.0
2026-08-29,Ferozepur,22.53,57.76,56.0
2026-08-29,Hisar,29.55,109.33,66.5
2026-08-29,Jalandhar,26.8,27.69,48.0
2026-08-29,Karnal,18.9,30.73,88.0
2026-08-29,Kurukshetra,24.62,128.38,67.67
2026-08-29,Ludhiana,24.17,97.84,60.0
2026-08-29,Meerut,39.85,78.7,62.0
2026-08-29,Moga,34.07,88.9,62.33
2026-08-29,Patiala,26.1,14.5,56.0
2026-08-29,Sirsa,30.0,23.1,45.5
2026-08-30,Agra,20.27,53.31,57.0
2026-08-30,Ambala,33.2,43.69,88.0
2026-08-30,Amritsar,23.6,36.58,53.0
2026-08-30,Bareilly,30.2,33.96,72.0
2026-08-30,Bathinda,26.2,0.0,54.0
2026-08-30,Fatehabad,25.47,74.6,70.67
2026-08-30,Ferozepur,29.42,133.38,60.25
2026-08-30,Hisar,26.45,88.41,52.5
2026-08-30,Jalandhar,29.9,32.51,74.0
2026-08-30,Kurukshetra,25.1,2.2,38.0
2026-08-30,Meerut,35.3,44.1,52.5
2026-08-30,Moga,28.5,89.03,63.5
2026-08-30,Muzaffarnagar,25.75,79.4,52.5
2026-08-30,Patiala,32.35,36.57,40.5
2026-08-30,Saharanpur,28.47,34.48,60.33
2026-08-30,Sirsa,31.0,0.0,64.0
2026-08-31,Agra,17.1,35.3,94.0
2026-08-31,Ambala,29.5,0.0,31.0
2026-08-31,Amritsar,28.55,92.5,47.67
2026-08-31,Bareilly,25.7,49.3,59.0
2026-08-31,Bathinda,26.9,62.39,66.5
2026-08-31,Fatehabad,28.3,112.43,60.67
2026-08-31,Ferozepur,24.6,87.44,70.33
2026-08-31,Hisar,24.88,58.03,65.25
2026-08-31,Jalandhar,28.33,85.3,72.0
2026-08-31,Karnal,37.6,6.5,67.0
2026-08-31,Kurukshetra,32.2,87.47,52.5
2026-08-31,Ludhiana,27.75,12.1,64.5
2026-08-31,Meerut,23.66,42.73,65.0
2026-08-31,Moga,30.3,44.0,62.0
2026-08-31,Saharanpur,25.85,139.96,61.5
2026-08-31,Sirsa,29.3,129.2,60.0
2026-09-01,Agra,29.78,145.03,61.2
2026-09-01,Ambala,31.33,8.19,57.67
2026-09-01,Amritsar,36.55,54.95,36.5
2026-09-01,Bareilly,29.45,11.68,47.0
2026-09-01,Bathinda,35.5,170.77,73.0
2026-09-01,Fatehabad,31.15,73.29,57.0
2026-09-01,Ferozepur,23.4,110.3,53.67
2026-09-01,Hisar,25.8,98.63,52.2
2026-09-01,Jalandhar,27.1,46.9,66.0
2026-09-01,Karnal,30.3,68.14,61.33
2026-09-01,Kurukshetra,26.92,107.4,67.5
2026-09-01,Ludhiana,23.3,73.7,54.0
2026-09-01,Meerut,21.73,76.1,54.0
2026-09-01,Moga,24.32,121.6,57.83
2026-09-01,Muzaffarnagar,23.62,99.53,66.75
2026-09-01,Patiala,28.83,27.2,74.67
2026-09-01,Sirsa,29.62,66.47,70.5
2026-09-02,Agra,25.53,84.95,62.67
2026-09-02,Ambala,28.9,50.3,37.0
2026-09-02,Amritsar,26.93,31.0,64.0
2026-09-02,Bareilly,22.83,55.7,63.0
2026-09-02,Bathinda,34.55,80.52,75.5
2026-09-02,Fatehabad,27.11,210.61,67.43
2026-09-02,Ferozepur,36.77,78.0,46.0
2026-09-02,Hisar,26.25,97.74,77.5
2026-09-02,Jalandhar,27.17,3.56,53.0
2026-09-02,Karnal,17.9,41.91,33.0
2026-09-02,Ludhiana,27.47,222.47,56.78
2026-09-02,Meerut,27.1,25.3,31.0
2026-09-02,Moga,26.2,85.63,44.67
2026-09-02,Muzaffarnagar,28.17,91.67,52.33
2026-09-02,Patiala,27.85,33.0,85.0
2026-09-02,Saharanpur,39.3,11.0,36.0
2026-09-02,Sirsa,15.3,24.7,95.0
2026-09-03,Agra,29.3,109.23,78.4
2026-09-03,Amritsar,28.05,58.21,72.0
2026-09-03,Bareilly,17.25,58.47,83.0
2026-09-03,Bathinda,25.42,60.8,65.33
2026-09-03,Fatehabad,32.72,108.62,56.75
2026-09-03,Ferozepur,28.3,47.9,59.0
2026-09-03,Hisar,16.5,1.02,53.0
2026-09-03,Jalandhar,20.7,33.6,
2026-09-03,Karnal,27.97,41.2,65.5
2026-09-03,Kurukshetra,30.4,13.97,37.0
2026-09-03,Ludhiana,33.9,74.41,82.0
2026-09-03,Meerut,33.85,30.2,70.0
2026-09-03,Moga,39.3,43.4,70.0
2026-09-03,Muzaffarnagar,27.27,56.8,56.0
2026-09-03,Patiala,28.07,91.88,52.33
2026-09-03,Saharanpur,24.45,66.68,67.0
2026-09-03,Sirsa,26.3,168.54,62.6
2026-09-04,Agra,30.4,66.82,75.0
2026-09-04,Ambala,29.23,54.9,57.33
2026-09-04,Amritsar,27.6,103.0,79.33
2026-09-04,Bareilly,30.55,39.85,83.0
2026-09-04,Fatehabad,28.5,38.4,71.6
2026-09-04,Ferozepur,30.48,62.5,60.0
2026-09-04,Hisar,29.55,167.92,75.33
2026-09-04,Jalandhar,25.58,69.08,47.67
2026-09-04,Karnal,29.2,51.4,69.5
2026-09-04,Kurukshetra,30.0,30.1,66.5
2026-09-04,Ludhiana,16.67,94.8,47.0
2026-09-04,Meerut,24.03,62.1,64.0
2026-09-04,Moga,22.75,52.32,66.5
2026-09-04,Muzaffarnagar,34.7,33.27,91.0
2026-09-04,Patiala,24.25,57.1,78.5
2026-09-04,Saharanpur,24.23,102.04,47.0
2026-09-04,Sirsa,32.1,12.8,57.0
2026-09-05,Ambala,36.5,20.93,88.0
2026-09-05,Amritsar,30.68,54.08,57.2
2026-09-05,Bareilly,35.55,38.1,86.0
2026-09-05,Bathinda,20.1,7.5,54.5
2026-09-05,Ferozepur,32.1,0.0,37.0
2026-09-05,Hisar,26.3,25.5,57.0
2026-09-05,Jalandhar,28.45,154.32,54.0
2026-09-05,Karnal,25.6,61.03,60.0
2026-09-05,Ludhiana,26.53,22.71,71.0
2026-09-05,Meerut,23.15,177.85,72.0
2026-09-05,Muzaffarnagar,24.65,8.6,47.5
2026-09-05,Patiala,28.3,42.04,59.0
2026-09-05,Saharanpur,24.68,118.09,67.75
2026-09-06,Agra,25.0,53.2,51.5
2026-09-06,Ambala,28.12,134.43,83.33
2026-09-06,Amritsar,23.0,41.1,76.5
2026-09-06,Bareilly,35.45,0.0,84.5
2026-09-06,Bathinda,24.13,50.2,62.0
2026-09-06,Fatehabad,26.63,79.15,70.0
2026-09-06,Ferozepur,30.22,151.95,44.2
2026-09-06,Hisar,35.8,38.5,68.0
2026-09-06,Jalandhar,37.4,30.7,65.0
2026-09-06,Karnal,18.1,48.05,42.5
2026-09-06,Kurukshetra,24.36,109.59,65.5
2026-09-06,Ludhiana,25.1,13.0,68.0
2026-09-06,Meerut,29.7,67.82,63.33
2026-09-06,Moga,25.1,82.17,66.0
2026-09-06,Muzaffarnagar,25.45,67.84,71.0
2026-09-06,Patiala,25.6,65.47,56.67
2026-09-06,Saharanpur,25.17,44.19,40.67
2026-09-06,Sirsa,24.17,90.0,70.67
2026-09-07,Agra,26.13,97.54,56.33
2026-09-07,Ambala,23.03,145.5,62.6
2026-09-07,Amritsar,18.3,0.0,36.0
2026-09-07,Bareilly,26.3,29.72,
2026-09-07,Bathinda,30.36,50.9,63.5
2026-09-07,Fatehabad,27.58,149.77,62.67
2026-09-07,Ferozepur,30.13,56.4,76.33
2026-09-07,Hisar,36.8,64.3,56.67
2026-09-07,Jalandhar,31.8,29.0,46.0
2026-09-07,Ludhiana,33.22,63.25,61.5
2026-09-07,Meerut,18.3,9.0,56.0
2026-09-07,Moga,31.0,51.06,
2026-09-07,Muzaffarnagar,32.07,89.7,77.0
2026-09-07,Patiala,25.1,43.8,44.0
2026-09-07,Saharanpur,24.26,121.3,70.8
2026-09-07,Sirsa,17.7,9.4,35.0
2026-09-08,Agra,20.9,38.4,60.0
2026-09-08,Ambala,32.33,26.78,52.33
2026-09-08,Amritsar,25.43,59.9,82.67
2026-09-08,Bareilly,28.42,141.6,79.0
2026-09-08,Bathinda,26.16,96.35,46.4
2026-09-08,Fatehabad,29.7,101.3,58.67
2026-09-08,Ferozepur,30.5,25.5,71.0
2026-09-08,Jalandhar,37.45,72.8,58.0
2026-09-08,Karnal,30.62,41.15,62.0
2026-09-08,Kurukshetra,26.32,79.59,85.0
2026-09-08,Ludhiana,27.25,17.02,63.0
2026-09-08,Meerut,26.41,120.77,52.71
2026-09-08,Moga,25.8,145.71,60.0
2026-09-08,Muzaffarnagar,30.5,48.77,95.0
2026-09-08,Saharanpur,38.4,16.0,50.0
2026-09-09,Agra,29.2,20.09,47.0
2026-09-09,Ambala,29.77,94.3,41.67
2026-09-09,Amritsar,28.97,27.71,53.33
2026-09-09,Bareilly,24.25,205.56,52.75
2026-09-09,Bathinda,23.98,81.54,64.75
2026-09-09,Fatehabad,28.1,20.57,82.0
2026-09-09,Ferozepur,18.5,25.7,72.0
2026-09-09,Hisar,25.3,41.3,67.0
2026-09-09,Jalandhar,24.0,46.48,65.0
2026-09-09,Karnal,32.33,60.1,73.0
2026-09-09,Ludhiana,31.43,62.16,56.33
2026-09-09,Meerut,26.8,101.85,62.0
2026-09-09,Moga,26.5,148.96,57.43
2026-09-09,Muzaffarnagar,25.5,69.6,31.0
2026-09-09,Patiala,29.0,33.9,42.0
2026-09-09,Saharanpur,32.75,81.7,63.5
2026-09-09,Sirsa,20.7,23.6,37.0
